,hustleID,PLAYER_NAME,TEAM_ABBREVIATION,AGE,CONTESTED_SHOTS,CONTESTED_SHOTS_2PT,CONTESTED_SHOTS_3PT,DEFLECTIONS,CHARGES_DRAWN,SCREEN_ASSISTS,SCREEN_AST_PTS,LOOSE_BALLS_RECOVERED,BOX_OUTS
0,203932,Aaron Gordon,ORL,24.0,5.32,3.37,1.95,1.02,0.02,0.89,1.92,1.08,1.08
1,1628988,Aaron Holiday,IND,23.0,6.24,2.95,3.29,1.68,0.05,0.2,0.47,0.7,1.03
2,1627846,Abdel Nader,OKC,26.0,4.05,2.31,1.75,0.98,0.0,0.13,0.29,0.53,0.78
3,1629690,Adam Mokoka,CHI,21.0,1.27,0.36,0.91,0.91,0.0,0.09,0.18,0.27,0.82
4,1629678,Admiral Schofield,WAS,23.0,2.48,1.55,0.94,0.45,0.03,0.7,1.61,0.27,1.15
5,201143,Al Horford,PHI,34.0,10.06,7.21,2.85,1.52,0.0,2.58,5.85,1.0,4.67
6,202329,Al-Farouq Aminu,ORL,29.0,6.28,3.28,3.0,2.0,0.06,0.72,1.5,0.83,1.89
7,202692,Alec Burks,PHI,28.0,5.15,2.71,2.44,1.64,0.05,0.12,0.32,0.76,0.41
8,1629346,Alen Smailagic,GSW,19.0,3.86,2.57,1.29,0.43,0.14,1.07,2.43,0.57,1.57
9,1627936,Alex Caruso,LAL,26.0,3.95,2.0,1.95,2.05,0.16,0.44,1.03,0.72,1.17
10,203458,Alex Len,SAC,27.0,8.56,6.93,1.64,0.75,0.0,2.49,5.91,0.49,3.25
11,1628035,Alfonzo McKinnie,CLE,27.0,2.28,1.2,1.08,1.1,0.05,0.13,0.33,0.35,0.48
12,1628993,Alize Johnson,IND,24.0,1.65,0.59,1.06,0.24,0.0,0.24,0.65,0.06,0.59
13,203459,Allen Crabbe,MIN,28.0,2.32,1.24,1.08,1.14,0.03,0.05,0.14,0.35,0.22
14,1629019,Allonzo Trier,NYK,24.0,2.29,1.17,1.13,0.29,0.0,0.04,0.08,0.17,0.13
15,1628518,Amile Jefferson,ORL,27.0,1.28,0.67,0.61,0.11,0.0,0.33,0.83,0.17,0.5
16,1629599,Amir Coffey,LAC,23.0,1.72,0.83,0.89,0.28,0.0,0.06,0.17,0.22,0.22
17,203083,Andre Drummond,CLE,26.0,13.04,10.28,2.75,3.53,0.02,4.19,9.28,1.42,2.61
18,2738,Andre Iguodala,MIA,36.0,4.81,2.57,2.24,1.38,0.0,0.33,0.9,0.67,1.48
19,203460,Andre Roberson,OKC,28.0,3.86,2.57,1.29,1.14,0.0,0.29,0.57,0.43,0.57
20,203952,Andrew Wiggins,GSW,25.0,8.7,4.48,4.22,1.37,0.02,0.17,0.44,0.98,0.74
21,1629014,Anfernee Simons,POR,21.0,5.14,2.64,2.5,0.54,0.01,0.13,0.31,0.59,0.2
22,1627790,Ante Zizic,CLE,23.0,3.73,3.23,0.5,0.41,0.0,1.68,3.73,0.27,2.32
23,203076,Anthony Davis,LAL,27.0,12.45,7.77,4.68,2.74,0.21,2.44,5.47,1.74,1.87
24,201229,Anthony Tolliver,MEM,35.0,4.0,2.69,1.31,0.38,0.15,1.24,2.93,0.42,2.25
25,1628499,Antonius Cleveland,DAL,26.0,0.45,0.27,0.18,0.18,0.0,0.0,0.0,0.18,0.0
26,1628394,Anzejs Pasecniks,WAS,24.0,7.59,6.07,1.52,0.63,0.19,2.74,6.11,0.41,3.26
27,203382,Aron Baynes,PHX,33.0,8.74,6.64,2.1,0.52,0.38,2.98,6.71,0.48,4.83
28,203085,Austin Rivers,HOU,27.0,3.37,1.97,1.4,1.38,0.04,0.21,0.54,0.51,0.97
29,202340,Avery Bradley,LAL,29.0,3.29,1.37,1.92,1.59,0.04,0.24,0.55,0.73,1.1
30,1629168,BJ Johnson,ORL,24.0,2.0,1.1,0.9,0.2,0.0,0.0,0.0,0.1,0.3
31,1628389,Bam Adebayo,MIA,22.0,10.94,7.26,3.68,2.49,0.01,5.08,12.14,1.32,5.76
32,203463,Ben McLemore,HOU,27.0,4.42,2.48,1.94,1.13,0.04,0.39,1.0,0.58,0.97
33,1627732,Ben Simmons,PHI,23.0,5.4,3.32,2.09,3.89,0.07,1.3,3.02,1.72,0.75
34,202687,Bismack Biyombo,CHA,27.0,7.4,5.74,1.66,1.0,0.0,2.34,5.53,0.6,2.98
35,201933,Blake Griffin,DET,31.0,5.56,2.83,2.72,0.94,0.39,1.39,3.44,0.89,1.44
36,1626246,Boban Marjanovic,DAL,31.0,3.86,3.07,0.8,0.2,0.02,1.75,3.95,0.14,1.52
37,1626171,Bobby Portis,NYK,25.0,5.94,3.5,2.44,0.79,0.02,1.41,3.14,0.52,4.11
38,203992,Bogdan Bogdanovic,SAC,27.0,7.02,3.3,3.72,2.07,0.0,0.33,0.72,0.67,1.2
39,202711,Bojan Bogdanovic,UTA,31.0,5.92,2.9,3.02,0.9,0.05,0.48,1.1,0.84,1.52
40,1629626,Bol Bol,DEN,20.0,5.14,2.71,2.43,0.71,0.0,0.29,0.86,0.29,0.57
41,202954,Brad Wanamaker,BOS,30.0,3.69,1.66,2.03,1.94,0.03,0.14,0.32,0.49,0.45
42,203078,Bradley Beal,WAS,27.0,5.74,2.4,3.33,1.95,0.23,0.26,0.63,1.11,0.53
43,1629634,Brandon Clarke,MEM,23.0,8.45,5.88,2.57,1.02,0.03,1.45,3.17,0.79,2.12
44,1629164,Brandon Goodwin,ATL,24.0,2.44,1.15,1.29,0.62,0.0,0.09,0.21,0.56,0.47
45,1627742,Brandon Ingram,NOP,22.0,8.26,4.37,3.89,1.89,0.06,0.55,1.31,0.85,0.65
46,202688,Brandon Knight,DET,28.0,2.44,1.0,1.44,0.64,0.04,0.04,0.12,0.4,0.56
47,1628968,Brian Bowen II,IND,21.0,1.17,0.67,0.5,0.17,0.17,0.0,0.0,0.33,0.0
48,201572,Brook Lopez,MIL,32.0,19.03,15.4,3.63,1.26,0.0,1.84,4.32,0.71,4.21
49,1628971,Bruce Brown,DET,23.0,6.4,3.76,2.64,2.52,0.02,0.24,0.6,0.79,0.69
50,203998,Bruno Caboclo,HOU,24.0,3.67,2.83,0.83,0.87,0.0,0.6,1.33,0.27,1.77
51,1628981,Bruno Fernando,ATL,21.0,4.66,2.95,1.71,0.5,0.0,1.63,3.61,0.2,2.64
52,1627854,Bryn Forbes,SAS,26.0,3.62,1.78,1.84,0.97,0.0,0.25,0.51,0.83,0.75
53,1627741,Buddy Hield,SAC,27.0,7.08,3.88,3.21,1.88,0.01,0.25,0.53,0.94,0.51
54,203468,CJ McCollum,POR,28.0,7.8,4.07,3.73,1.53,0.01,0.2,0.43,1.23,0.61
55,101139,CJ Miles,WAS,33.0,3.6,1.9,1.7,1.4,0.2,0.4,0.9,0.7,0.2
56,1628997,Caleb Martin,CHA,24.0,3.56,1.61,1.94,1.44,0.22,0.11,0.28,0.11,1.0
57,1628403,Caleb Swanigan,POR,23.0,4.56,3.44,1.11,0.59,0.07,2.63,6.0,0.37,2.56
58,1629629,Cam Reddish,ATL,20.0,5.33,2.78,2.55,2.4,0.0,0.16,0.36,1.05,0.48
59,1629661,Cameron Johnson,PHX,24.0,4.96,2.82,2.14,0.77,0.11,0.12,0.26,0.65,1.46
60,1626166,Cameron Payne,PHX,25.0,6.88,4.0,2.88,2.13,0.38,0.25,0.63,0.38,0.88
61,1627747,Caris LeVert,BKN,25.0,4.91,2.29,2.62,2.33,0.07,0.13,0.33,0.82,0.73
62,2546,Carmelo Anthony,POR,36.0,5.22,2.0,3.22,1.48,0.02,1.48,3.64,0.79,2.64
63,1629035,Carsen Edwards,BOS,22.0,1.38,0.46,0.92,0.59,0.03,0.03,0.05,0.19,0.22
64,1626224,Cedi Osman,CLE,25.0,6.52,3.92,2.6,1.85,0.12,0.25,0.51,0.63,1.03
65,1628990,Chandler Hutchison,CHI,24.0,3.68,1.89,1.79,1.5,0.32,0.14,0.32,0.46,1.04
66,202718,Chandler Parsons,ATL,31.0,1.2,0.6,0.6,1.2,0.0,0.0,0.0,0.0,0.6
67,1629718,Charlie Brown Jr.,ATL,23.0,1.4,0.9,0.5,0.4,0.0,0.0,0.0,0.1,0.4
68,1626184,Chasson Randle,GSW,27.0,2.0,1.0,1.0,1.0,0.0,0.67,1.33,0.67,0.67
69,1627767,Cheick Diallo,PHX,23.0,3.57,2.7,0.87,0.6,0.02,1.02,2.26,0.3,1.51
70,1629002,Chimezie Metu,SAS,23.0,2.56,1.56,1.0,0.33,0.0,0.5,1.11,0.11,0.72
71,1628449,Chris Boucher,TOR,27.0,6.85,4.65,2.21,0.56,0.05,1.11,2.74,0.45,0.92
72,1629185,Chris Chiozza,BKN,24.0,2.14,1.0,1.14,1.18,0.0,0.18,0.5,0.57,0.25
73,1629598,Chris Clemons,HOU,22.0,1.94,0.67,1.27,0.58,0.06,0.0,0.0,0.18,0.36
74,101108,Chris Paul,OKC,35.0,2.63,1.11,1.51,3.34,0.06,0.59,1.3,1.23,0.56
75,1629735,Chris Silva,MIA,23.0,2.52,1.86,0.66,0.59,0.11,1.36,3.18,0.52,1.57
76,1626174,Christian Wood,DET,24.0,9.27,6.63,2.65,1.03,0.0,1.63,3.71,0.56,2.05
77,203991,Clint Capela,ATL,26.0,13.85,10.59,3.26,1.62,0.21,1.44,3.28,1.33,4.08
78,1629632,Coby White,CHI,20.0,4.54,2.17,2.37,1.32,0.06,0.06,0.14,0.94,0.2
79,1628998,Cody Martin,CHA,24.0,4.77,2.15,2.63,1.27,0.29,0.15,0.31,0.85,0.81
80,203469,Cody Zeller,CHA,27.0,7.4,5.64,1.76,1.6,0.07,2.97,7.12,0.69,3.78
81,1629012,Collin Sexton,CLE,21.0,6.08,2.57,3.51,1.69,0.02,0.22,0.52,1.0,0.37
82,201147,Corey Brewer,SAC,34.0,1.8,1.0,0.8,1.4,0.2,0.0,0.0,0.8,0.0
83,202709,Cory Joseph,SAC,28.0,5.17,2.42,2.75,1.47,0.07,0.24,0.56,0.82,0.82
84,201584,Courtney Lee,DAL,34.0,2.67,1.54,1.13,1.42,0.04,0.0,0.0,0.54,0.67
85,1626245,Cristiano Felicio,CHI,27.0,4.32,3.5,0.82,1.0,0.0,3.18,7.41,0.55,2.45
86,1626156,D'Angelo Russell,MIN,24.0,4.87,1.93,2.93,2.18,0.04,0.13,0.29,1.02,0.42
87,201571,D.J. Augustin,ORL,32.0,3.05,0.95,2.11,0.82,0.07,0.21,0.46,0.63,0.61
88,1628391,D.J. Wilson,MIL,24.0,3.73,2.38,1.35,0.22,0.05,0.62,1.57,0.19,1.38
89,1629610,DaQuan Jeffries,SAC,22.0,3.0,1.54,1.46,0.77,0.08,0.31,0.85,0.15,1.23
90,1627745,Damian Jones,ATL,25.0,7.56,5.71,1.85,0.93,0.0,1.87,4.38,0.35,2.44
91,203081,Damian Lillard,POR,29.0,4.7,1.79,2.91,2.06,0.09,0.2,0.44,1.0,0.38
92,1627814,Damion Lee,GSW,27.0,5.2,2.02,3.18,1.31,0.12,0.18,0.45,1.0,1.12
93,1628422,Damyean Dotson,NYK,26.0,2.71,1.06,1.65,0.63,0.04,0.0,0.0,0.4,0.42
94,1629655,Daniel Gafford,CHI,21.0,6.02,4.81,1.21,0.77,0.12,2.3,5.19,0.26,1.84
95,1628464,Daniel Theis,BOS,28.0,10.94,8.12,2.82,1.8,0.11,4.25,9.97,0.51,4.11
96,201568,Danilo Gallinari,OKC,31.0,5.58,3.31,2.27,1.05,0.16,1.24,2.66,0.6,1.61
97,201980,Danny Green,LAL,33.0,7.12,3.71,3.41,2.66,0.07,0.53,1.22,0.72,1.04
98,203957,Dante Exum,CLE,24.0,2.94,1.6,1.34,0.54,0.0,0.06,0.14,0.46,0.2
99,1627863,Danuel House Jr.,HOU,27.0,8.65,5.03,3.62,1.57,0.1,0.52,1.29,1.11,1.67
100,203967,Dario Saric,PHX,26.0,8.52,5.71,2.8,1.18,0.05,0.92,1.94,0.74,2.56
101,1629647,Darius Bazley,OKC,20.0,6.98,3.66,3.33,0.49,0.0,0.3,0.64,0.48,1.26
102,1629636,Darius Garland,CLE,20.0,6.02,3.15,2.86,1.19,0.08,0.36,0.83,0.98,0.58
103,1629133,Daryl Macon,MIA,24.0,0.25,0.0,0.25,0.0,0.0,0.0,0.0,0.0,0.0
104,1628021,David Nwaba,HOU,27.0,3.1,2.3,0.8,1.3,0.1,0.15,0.4,0.55,1.6
105,202722,Davis Bertans,WAS,27.0,8.7,6.15,2.56,1.54,0.19,0.61,1.39,0.72,1.98
106,1628368,De'Aaron Fox,SAC,22.0,6.14,2.04,4.1,2.92,0.02,0.31,0.8,1.29,0.25
107,1629631,De'Andre Hunter,ATL,22.0,7.46,4.0,3.46,1.49,0.06,0.19,0.48,0.87,1.46
108,1629001,De'Anthony Melton,MEM,22.0,3.68,2.0,1.68,2.58,0.0,0.27,0.62,0.75,0.58
109,201599,DeAndre Jordan,BKN,31.0,7.77,5.86,1.91,0.63,0.02,3.48,8.2,0.48,3.46
110,1627761,DeAndre' Bembry,ATL,25.0,3.81,2.51,1.3,2.28,0.0,0.12,0.28,0.88,0.58
111,201942,DeMar DeRozan,SAS,30.0,4.18,2.29,1.88,1.75,0.04,0.25,0.57,1.0,1.44
112,201960,DeMarre Carroll,HOU,33.0,3.88,2.54,1.33,0.71,0.04,0.17,0.42,0.29,0.63
113,1629731,Dean Wade,CLE,23.0,2.67,2.17,0.5,0.5,0.0,0.5,1.42,0.0,0.75
114,1629028,Deandre Ayton,PHX,21.0,15.5,10.39,5.11,1.32,0.0,4.13,8.87,1.42,2.76
115,1627749,Dejounte Murray,SAS,23.0,6.29,3.06,3.23,3.09,0.0,0.2,0.42,1.26,0.38
116,1626153,Delon Wright,DAL,28.0,4.18,2.74,1.44,2.36,0.04,0.07,0.18,0.81,0.66
117,203471,Dennis Schroder,OKC,26.0,5.28,2.55,2.72,1.38,0.18,0.12,0.29,0.98,0.38
118,1628372,Dennis Smith Jr.,NYK,22.0,3.56,1.62,1.94,1.38,0.03,0.03,0.06,0.68,0.18
119,1627756,Denzel Valentine,CHI,26.0,3.67,1.78,1.89,0.86,0.0,0.03,0.06,0.5,0.25
120,1629126,Deonte Burton,OKC,26.0,2.49,1.51,0.97,0.44,0.03,0.13,0.26,0.28,0.97
121,202324,Derrick Favors,NOP,28.0,11.14,8.78,2.35,1.35,0.02,3.39,7.78,0.8,4.98
122,1627884,Derrick Jones Jr.,MIA,23.0,6.61,3.12,3.49,2.0,0.07,0.71,1.76,0.81,1.41
123,201565,Derrick Rose,DET,31.0,3.94,1.88,2.06,1.1,0.02,0.14,0.32,0.82,0.22
124,1628476,Derrick Walton Jr.,DET,25.0,1.35,0.69,0.65,0.58,0.0,0.23,0.54,0.12,0.23
125,1628401,Derrick White,SAS,25.0,8.44,4.6,3.84,1.43,0.44,0.37,0.76,0.71,0.54
126,1626164,Devin Booker,PHX,23.0,5.87,3.04,2.83,1.34,0.06,0.63,1.4,0.96,1.16
127,1628985,Devon Hall,OKC,24.0,0.82,0.45,0.36,0.18,0.09,0.0,0.0,0.27,0.55
128,1629719,Devontae Cacok,LAL,23.0,2.0,1.0,1.0,0.0,0.0,0.0,0.0,0.0,0.0
129,1628984,Devonte' Graham,CHA,25.0,4.83,1.68,3.14,2.05,0.21,0.06,0.14,0.92,0.84
130,1629608,Dewan Hernandez,TOR,23.0,1.83,1.33,0.5,0.17,0.0,1.33,3.67,0.17,1.33
131,203473,Dewayne Dedmon,ATL,30.0,6.7,5.07,1.64,1.52,0.14,2.48,5.59,0.66,2.73
132,1628415,Dillon Brooks,MEM,24.0,7.52,3.49,4.03,2.23,0.04,0.14,0.34,0.9,1.21
133,203079,Dion Waiters,LAL,28.0,3.9,1.1,2.8,0.7,0.0,0.2,0.5,0.8,0.8
134,1627734,Domantas Sabonis,IND,24.0,11.26,7.63,3.63,1.4,0.0,7.05,15.76,0.84,3.6
135,1628378,Donovan Mitchell,UTA,23.0,5.01,2.54,2.48,1.9,0.04,0.35,0.75,1.01,1.9
136,1629743,Donta Hall,BKN,22.0,7.0,4.89,2.11,0.56,0.0,2.11,4.78,0.33,1.11
137,1628978,Donte DiVincenzo,MIL,23.0,4.77,2.39,2.38,2.24,0.02,0.32,0.82,1.08,0.36
138,1627827,Dorian Finney-Smith,DAL,27.0,8.55,4.92,3.63,1.55,0.03,0.41,1.03,0.94,1.93
139,203926,Doug McDermott,IND,28.0,4.74,2.46,2.28,0.3,0.03,0.19,0.43,0.38,1.17
140,1627733,Dragan Bender,GSW,22.0,9.81,7.0,2.81,0.69,0.0,2.0,4.94,0.38,1.81
141,203110,Draymond Green,GSW,30.0,9.7,5.77,3.93,2.88,0.19,1.58,3.91,0.58,3.93
142,1629234,Drew Eubanks,SAS,23.0,5.05,3.77,1.27,0.45,0.05,1.82,4.0,0.14,1.73
143,1629130,Duncan Robinson,MIA,26.0,6.33,2.88,3.45,1.11,0.12,0.79,1.81,0.49,1.12
144,1628605,Dusty Hannahs,MEM,26.0,2.0,1.0,1.0,0.0,0.0,0.0,0.0,0.5,0.0
145,1628407,Dwayne Bacon,CHA,24.0,2.82,0.95,1.87,0.92,0.0,0.08,0.18,0.51,0.46
146,2730,Dwight Howard,LAL,34.0,6.58,5.25,1.33,1.25,0.0,2.28,5.22,0.43,3.29
147,203939,Dwight Powell,DAL,28.0,11.95,7.9,4.05,1.85,0.08,4.73,11.0,0.5,3.4
148,1629058,Dzanan Musa,BKN,21.0,2.73,1.38,1.35,0.53,0.0,0.08,0.23,0.4,0.1
149,202734,E'Twaun Moore,NOP,31.0,3.36,2.09,1.27,1.2,0.04,0.23,0.57,0.64,0.63
150,202334,Ed Davis,UTA,31.0,4.75,3.79,0.96,0.57,0.0,1.79,4.18,0.46,3.0
151,1628410,Edmond Sumner,IND,24.0,2.81,1.39,1.42,1.19,0.0,0.13,0.32,0.26,0.52
152,203901,Elfrid Payton,NYK,26.0,5.71,2.8,2.91,2.6,0.0,0.27,0.62,1.22,0.33
153,1629059,Elie Okobo,PHX,22.0,2.62,1.35,1.27,0.91,0.0,0.16,0.38,0.45,0.18
154,1626144,Emmanuel Mudiay,UTA,24.0,3.19,1.7,1.48,0.69,0.0,0.22,0.57,0.39,0.22
155,202683,Enes Freedom,BOS,28.0,5.6,4.43,1.17,0.67,0.0,2.59,6.12,0.53,3.64
156,202339,Eric Bledsoe,MIL,30.0,6.13,2.89,3.25,1.62,0.05,0.48,1.18,1.15,0.67
157,201569,Eric Gordon,HOU,31.0,3.61,1.5,2.11,1.28,0.0,0.36,0.83,0.53,1.0
158,1628450,Eric Mika,SAC,25.0,3.0,2.0,1.0,0.0,0.0,6.0,14.0,1.0,3.0
159,1629672,Eric Paschall,GSW,23.0,5.9,3.37,2.53,1.15,0.05,0.87,2.13,0.65,1.72
160,101141,Ersan Ilyasova,MIL,33.0,4.16,2.24,1.92,0.87,0.17,0.67,1.57,0.4,1.62
161,203095,Evan Fournier,ORL,27.0,5.2,2.29,2.91,2.03,0.08,0.14,0.32,1.0,0.88
162,202323,Evan Turner,MIN,31.0,3.58,1.89,1.68,0.68,0.0,0.05,0.11,0.53,0.68
163,1628402,Frank Jackson,NOP,22.0,2.9,1.37,1.53,0.64,0.02,0.1,0.27,0.42,0.39
164,1626163,Frank Kaminsky,PHX,27.0,7.18,5.46,1.72,0.69,0.13,2.21,4.9,0.54,3.79
165,1628412,Frank Mason III,MIL,26.0,2.89,1.78,1.11,0.56,0.0,0.22,0.44,0.67,0.11
166,1628373,Frank Ntilikina,NYK,21.0,4.28,2.37,1.91,1.93,0.09,0.3,0.7,0.61,0.21
167,1627832,Fred VanVleet,TOR,26.0,6.69,2.39,4.3,4.19,0.02,0.37,0.94,1.41,1.3
168,1627788,Furkan Korkmaz,PHI,22.0,4.1,2.35,1.75,1.0,0.08,0.11,0.25,0.39,0.24
169,1629216,Gabe Vincent,MIA,24.0,1.89,0.22,1.67,0.67,0.11,0.11,0.33,0.44,0.67
170,202066,Garrett Temple,BKN,34.0,6.26,3.23,3.03,1.63,0.03,0.26,0.58,0.89,0.63
171,1629726,Garrison Mathews,WAS,23.0,2.56,1.22,1.33,0.83,0.11,0.0,0.0,0.44,0.83
172,1629109,Gary Clark,ORL,25.0,3.67,2.14,1.52,0.6,0.05,0.69,1.71,0.43,1.33
173,203914,Gary Harris,DEN,25.0,4.52,1.57,2.95,2.61,0.05,0.25,0.61,1.04,0.5
174,1627780,Gary Payton II,WAS,27.0,3.41,1.62,1.79,2.38,0.0,0.03,0.1,0.97,0.21
175,1629018,Gary Trent Jr.,POR,21.0,3.75,1.85,1.9,1.89,0.0,0.13,0.33,0.59,0.46
176,201588,George Hill,MIL,34.0,4.75,1.95,2.8,1.54,0.07,0.41,0.97,0.78,0.92
177,1627777,Georges Niang,UTA,27.0,3.21,1.71,1.5,0.45,0.02,0.33,0.79,0.41,1.17
178,203507,Giannis Antetokounmpo,MIL,25.0,9.35,5.56,3.79,2.08,0.03,2.37,5.46,1.54,1.94
179,203922,Glenn Robinson III,PHI,26.0,7.66,4.27,3.39,1.53,0.0,0.44,1.16,0.9,0.6
180,1629048,Goga Bitadze,IND,20.0,5.13,4.22,0.91,0.44,0.0,1.22,2.76,0.06,1.37
181,201609,Goran Dragic,MIA,34.0,5.34,2.83,2.51,1.29,0.12,0.37,0.9,0.86,0.44
182,202330,Gordon Hayward,BOS,30.0,6.15,3.42,2.73,1.31,0.0,0.58,1.48,0.98,1.46
183,203476,Gorgui Dieng,MEM,30.0,7.06,5.38,1.68,1.94,0.24,2.19,4.98,0.63,2.4
184,1629684,Grant Williams,BOS,21.0,5.35,3.39,1.96,0.74,0.07,1.43,3.61,0.42,2.48
185,1628960,Grayson Allen,MEM,24.0,3.61,1.5,2.11,0.84,0.05,0.08,0.16,0.63,0.47
186,1628977,Hamidou Diallo,OKC,21.0,4.04,2.39,1.65,1.37,0.02,0.15,0.35,0.83,0.5
187,203084,Harrison Barnes,SAC,28.0,8.11,4.15,3.96,1.38,0.04,0.72,1.72,0.76,2.17
188,1628385,Harry Giles III,SAC,22.0,4.61,3.07,1.54,1.09,0.07,2.11,5.02,0.59,1.87
189,202355,Hassan Whiteside,POR,31.0,14.0,11.91,2.09,1.13,0.06,4.39,10.19,0.75,2.82
190,1627740,Henry Ellenson,BKN,23.0,0.4,0.4,0.0,0.0,0.0,0.4,0.8,0.0,0.0
191,101133,Ian Mahinmi,WAS,33.0,8.58,6.87,1.71,2.29,0.16,3.21,7.29,0.79,3.84
192,1629649,Ignas Brazdeikis,NYK,21.0,1.11,0.56,0.56,0.33,0.0,0.22,0.44,0.11,0.0
193,202697,Iman Shumpert,BKN,30.0,1.77,0.85,0.92,1.62,0.08,0.23,0.69,0.69,0.69
194,1629067,Isaac Bonga,WAS,20.0,5.03,2.8,2.23,1.33,0.17,0.23,0.59,0.59,0.86
195,1628392,Isaiah Hartenstein,HOU,22.0,6.61,4.91,1.7,0.65,0.04,1.26,3.13,0.74,2.61
196,1629676,Isaiah Roby,OKC,22.0,2.0,0.67,1.33,0.0,0.0,0.0,0.0,0.0,0.67
197,202738,Isaiah Thomas,WAS,31.0,3.85,1.58,2.28,0.63,0.08,0.25,0.55,0.43,0.2
198,202397,Ish Smith,WAS,31.0,4.1,2.28,1.82,1.44,0.09,0.18,0.47,1.06,0.46
199,1627826,Ivica Zubac,LAC,23.0,9.39,7.49,1.9,0.4,0.01,3.68,8.6,0.46,3.15
200,200826,J.J. Barea,DAL,36.0,0.41,0.07,0.34,0.41,0.03,0.0,0.0,0.48,0.14
201,1629122,J.P. Macura,CLE,25.0,0.0,0.0,0.0,0.0,0.0,0.0,0.0,0.0,0.0
202,200755,JJ Redick,NOP,36.0,3.7,2.0,1.7,0.73,0.23,0.7,1.67,0.53,1.08
203,2747,JR Smith,LAL,34.0,2.5,0.67,1.83,1.0,0.0,0.0,0.0,0.33,2.17
204,1629630,Ja Morant,MEM,20.0,5.25,2.49,2.76,1.48,0.04,0.18,0.39,1.0,0.79
205,203960,JaKarr Sampson,IND,27.0,4.94,3.44,1.5,0.56,0.03,0.97,2.21,0.53,1.53
206,203210,JaMychal Green,LAC,30.0,4.83,2.56,2.27,0.97,0.0,1.19,2.79,0.35,3.05
207,201580,JaVale McGee,LAL,32.0,6.97,5.75,1.22,1.09,0.0,1.5,3.37,0.37,2.04
208,203953,Jabari Parker,SAC,25.0,7.58,4.66,2.92,1.82,0.05,0.68,1.55,0.89,2.08
209,1628980,Jacob Evans,MIN,23.0,3.97,2.38,1.59,0.9,0.0,0.07,0.21,0.17,0.48
210,203109,Jae Crowder,MIA,29.0,6.6,3.18,3.42,1.95,0.08,0.34,0.8,0.78,1.23
211,1626143,Jahlil Okafor,NOP,24.0,7.83,6.33,1.5,0.53,0.0,1.77,4.03,0.8,2.97
212,1627774,Jake Layman,MIN,26.0,5.09,3.26,1.83,1.52,0.09,0.17,0.43,0.61,2.61
213,1627751,Jakob Poeltl,SAS,24.0,9.48,7.59,1.89,1.09,0.14,3.56,8.18,0.45,3.03
214,1628973,Jalen Brunson,DAL,23.0,3.26,1.46,1.81,0.67,0.21,0.09,0.21,0.7,0.51
215,1629665,Jalen Lecque,PHX,20.0,1.4,0.0,1.4,0.6,0.0,0.0,0.0,0.0,0.0
216,1629667,Jalen McDaniels,CHA,22.0,5.69,3.13,2.56,0.81,0.06,0.06,0.19,0.63,1.0
217,2037,Jamal Crawford,BKN,40.0,0.0,0.0,0.0,0.0,0.0,0.0,0.0,0.0,0.0
218,1627750,Jamal Murray,DEN,23.0,6.61,2.95,3.66,2.08,0.08,0.66,1.42,1.24,0.81
219,203516,James Ennis III,ORL,29.0,3.49,1.77,1.72,0.9,0.06,0.28,0.67,0.57,0.49
220,201935,James Harden,HOU,30.0,8.07,5.01,3.06,3.24,0.12,0.41,0.91,1.47,1.59
221,201949,James Johnson,MIN,33.0,7.25,4.13,3.13,1.66,0.0,1.41,3.56,0.56,1.94
222,201162,Jared Dudley,LAL,34.0,2.0,1.22,0.78,0.58,0.04,0.49,1.13,0.18,1.09
223,1629607,Jared Harper,NYK,22.0,0.0,0.0,0.0,0.0,0.0,0.0,0.0,0.0,0.0
224,1628991,Jaren Jackson Jr.,MEM,20.0,12.56,8.89,3.67,1.86,0.0,1.7,3.74,0.91,1.89
225,1629020,Jarred Vanderbilt,MIN,21.0,1.36,0.91,0.45,0.36,0.0,0.73,1.64,0.36,0.45
226,1629714,Jarrell Brantley,UTA,24.0,2.89,2.0,0.89,0.78,0.0,0.33,0.89,0.33,0.78
227,1628386,Jarrett Allen,BKN,22.0,14.4,12.23,2.17,1.23,0.01,4.39,10.34,0.9,3.64
228,1629633,Jarrett Culver,MIN,21.0,4.92,2.84,2.08,1.67,0.02,0.11,0.25,0.87,0.44
229,1627784,Jarrod Uthoff,WAS,27.0,1.71,0.71,1.0,0.14,0.0,0.0,0.0,0.0,0.57
230,1629750,Javonte Green,BOS,26.0,1.73,0.96,0.77,1.06,0.0,0.19,0.44,0.33,0.52
231,1629637,Jaxson Hayes,NOP,20.0,7.27,5.44,1.83,0.89,0.06,3.05,7.17,0.53,2.17
232,1627759,Jaylen Brown,BOS,23.0,7.65,3.35,4.3,2.23,0.0,0.39,0.88,1.12,1.7
233,1629658,Jaylen Hoard,POR,21.0,1.0,0.69,0.31,0.38,0.0,0.38,0.77,0.54,0.38
234,1629669,Jaylen Nowell,MIN,20.0,1.73,1.13,0.6,0.2,0.0,0.07,0.13,0.13,0.13
235,1628369,Jayson Tatum,BOS,22.0,6.8,3.48,3.32,2.88,0.0,0.42,0.97,1.38,1.35
236,201145,Jeff Green,HOU,33.0,6.79,4.6,2.19,0.77,0.13,0.65,1.56,0.46,2.38
237,201952,Jeff Teague,ATL,32.0,3.97,1.75,2.22,1.39,0.08,0.37,0.93,0.59,0.27
238,203924,Jerami Grant,DEN,26.0,6.83,4.01,2.82,1.31,0.07,0.56,1.34,0.52,2.11
239,1629725,Jeremiah Martin,BKN,24.0,2.44,1.0,1.44,1.78,0.22,0.0,0.0,0.44,0.0
240,203087,Jeremy Lamb,IND,28.0,6.09,3.0,3.09,2.63,0.02,0.04,0.13,0.59,0.3
241,202951,Jeremy Pargo,GSW,34.0,1.33,0.0,1.33,0.0,0.0,0.0,0.0,0.33,1.67
242,1626170,Jerian Grant,WAS,27.0,2.17,1.67,0.5,1.0,0.0,0.0,0.0,0.17,0.0
243,1629010,Jerome Robinson,WAS,23.0,3.33,1.98,1.35,0.89,0.02,0.19,0.43,0.32,0.49
244,1628975,Jevon Carter,PHX,24.0,2.62,1.19,1.43,1.52,0.0,0.09,0.22,0.67,0.43
245,202710,Jimmy Butler,MIA,30.0,6.34,2.83,3.52,3.4,0.02,0.78,1.79,1.43,1.72
246,201149,Joakim Noah,LAC,35.0,4.6,3.2,1.4,0.0,0.0,1.6,3.4,0.2,2.0
247,1629147,Joe Chealey,CHA,24.0,1.25,1.0,0.25,1.25,0.0,0.0,0.0,0.25,0.0
248,203925,Joe Harris,BKN,28.0,7.96,4.91,3.04,0.93,0.03,0.57,1.36,1.0,1.64
249,204060,Joe Ingles,UTA,32.0,4.56,1.85,2.71,2.28,0.1,0.65,1.57,0.83,1.44
250,203954,Joel Embiid,PHI,26.0,9.78,8.12,1.67,1.69,0.1,2.9,6.31,1.55,4.51
251,1628381,John Collins,ATL,22.0,12.73,8.51,4.22,1.37,0.0,2.76,6.56,1.12,3.17
252,203089,John Henson,DET,29.0,6.5,5.03,1.48,1.23,0.05,1.8,4.13,0.5,2.15
253,1629723,John Konchar,MEM,24.0,2.16,0.95,1.21,0.89,0.0,0.11,0.21,0.47,0.16
254,1628405,Johnathan Motley,LAC,25.0,1.31,0.77,0.54,0.15,0.0,0.38,1.0,0.0,0.31
255,1629140,Johnathan Williams,WAS,25.0,2.4,1.33,1.07,0.4,0.0,1.07,2.33,0.8,1.07
256,1628413,Jonah Bolden,PHX,24.0,2.57,1.43,1.14,0.71,0.0,0.57,1.29,0.14,0.43
257,202685,Jonas Valanciunas,MEM,28.0,11.67,9.69,1.99,0.83,0.01,3.84,8.57,0.74,5.96
258,1628371,Jonathan Isaac,ORL,22.0,8.12,6.35,1.76,3.26,0.12,0.79,1.79,1.03,2.26
259,1628395,Jordan Bell,CLE,25.0,2.97,1.9,1.07,0.45,0.1,0.69,1.72,0.31,0.59
260,1629648,Jordan Bone,DET,22.0,0.5,0.3,0.2,0.1,0.0,0.1,0.2,0.0,0.0
261,203903,Jordan Clarkson,UTA,28.0,4.49,2.51,1.99,1.1,0.0,0.3,0.69,0.83,1.04
262,1629162,Jordan McLaughlin,MIN,24.0,4.33,3.03,1.3,1.97,0.0,0.2,0.5,0.6,0.4
263,203895,Jordan McRae,DET,29.0,4.68,2.08,2.59,0.84,0.0,0.03,0.05,0.68,0.11
264,1629673,Jordan Poole,GSW,21.0,3.28,1.56,1.72,1.12,0.07,0.19,0.42,0.51,0.35
265,1627982,Josh Gray,NOP,26.0,2.0,1.0,1.0,1.0,0.0,0.0,0.0,0.0,0.0
266,1628404,Josh Hart,NOP,25.0,7.6,4.45,3.15,1.66,0.03,0.14,0.32,0.97,1.05
267,1628367,Josh Jackson,MEM,23.0,4.14,2.73,1.41,1.09,0.27,0.05,0.14,0.41,0.68
268,203705,Josh Magette,ORL,30.0,0.63,0.5,0.13,0.88,0.13,0.0,0.0,0.25,0.13
269,1629006,Josh Okogie,MIN,21.0,5.23,3.15,2.08,2.18,0.05,0.16,0.42,1.02,0.44
270,1629729,Josh Reaves,DAL,23.0,1.25,0.75,0.5,0.25,0.0,0.0,0.0,0.0,0.0
271,1626196,Josh Richardson,PHI,26.0,6.07,3.8,2.27,2.07,0.02,0.22,0.45,1.11,0.55
272,201950,Jrue Holiday,NOP,30.0,7.48,3.92,3.56,4.03,0.03,0.38,0.92,1.43,1.61
273,1629308,Juan Toscano-Anderson,GSW,27.0,5.46,3.54,1.92,1.62,0.0,0.23,0.62,0.92,2.62
274,1627823,Juancho Hernangomez,MIN,24.0,5.4,3.15,2.25,0.73,0.06,0.42,1.02,0.5,1.4
275,203944,Julius Randle,NYK,25.0,7.77,4.39,3.38,1.31,0.0,1.53,3.63,1.45,2.73
276,1626147,Justin Anderson,BKN,26.0,2.1,1.4,0.7,0.2,0.0,0.3,0.8,0.1,1.2
277,203200,Justin Holiday,IND,31.0,6.97,4.05,2.92,2.03,0.04,0.55,1.23,0.55,1.74
278,1628382,Justin Jackson,DAL,25.0,3.85,2.17,1.68,0.42,0.0,0.2,0.51,0.43,0.86
279,1629713,Justin James,SAC,23.0,1.67,1.0,0.67,0.25,0.0,0.03,0.08,0.19,0.14
280,1628383,Justin Patton,DET,23.0,2.6,2.2,0.4,0.4,0.0,1.0,2.0,0.2,1.0
281,1629620,Justin Robinson,WAS,22.0,0.78,0.22,0.56,0.33,0.11,0.0,0.0,0.22,0.33
282,1629625,Justin Wright-Foreman,UTA,22.0,1.0,0.25,0.75,0.5,0.0,0.0,0.0,0.75,0.75
283,1626159,Justise Winslow,MEM,24.0,6.91,3.27,3.64,1.09,0.18,0.73,1.91,0.55,1.18
284,203994,Jusuf Nurkic,POR,25.0,13.88,8.88,5.0,2.88,0.0,5.5,13.13,0.63,5.75
285,1629752,Juwan Morgan,UTA,23.0,2.24,1.52,0.71,0.29,0.0,0.38,0.86,0.1,1.29
286,1629644,KZ Okpala,MIA,21.0,0.8,0.0,0.8,0.2,0.0,0.0,0.0,0.0,0.2
287,1628443,Kadeem Allen,NYK,27.0,2.6,1.7,0.9,1.4,0.1,0.2,0.4,0.4,0.2
288,1626157,Karl-Anthony Towns,MIN,24.0,13.89,10.69,3.2,1.91,0.09,3.66,8.43,1.17,3.43
289,202695,Kawhi Leonard,LAC,29.0,7.21,3.33,3.88,3.53,0.0,0.4,0.93,1.37,1.54
290,1628966,Keita Bates-Diop,DEN,24.0,4.59,2.7,1.89,0.66,0.0,0.32,0.7,0.48,0.61
291,1629103,Kelan Martin,MIN,24.0,3.74,2.29,1.45,0.61,0.0,0.03,0.06,0.39,0.94
292,1629640,Keldon Johnson,SAS,20.0,4.29,2.06,2.24,1.53,0.0,0.12,0.24,0.71,0.35
293,203482,Kelly Olynyk,MIA,29.0,5.57,3.34,2.22,1.3,0.18,1.06,2.67,0.54,2.24
294,1626162,Kelly Oubre Jr.,PHX,24.0,5.89,3.25,2.64,3.09,0.05,0.13,0.25,1.02,0.89
295,202689,Kemba Walker,BOS,30.0,7.07,3.48,3.59,1.63,0.32,0.23,0.52,1.13,0.48
296,1629134,Kendrick Nunn,MIA,24.0,6.25,2.64,3.61,1.48,0.01,0.24,0.58,0.73,1.09
297,1629026,Kenrich Williams,NOP,25.0,6.1,3.59,2.51,1.59,0.15,0.38,1.0,1.0,1.87
298,203145,Kent Bazemore,SAC,30.0,6.26,3.59,2.68,2.74,0.09,0.29,0.75,0.9,0.49
299,203484,Kentavious Caldwell-Pope,LAL,27.0,3.17,1.3,1.87,1.55,0.04,0.23,0.51,0.78,1.04
300,1628987,Kevin Hervey,OKC,23.0,2.2,1.4,0.8,0.5,0.0,0.1,0.2,0.3,0.2
301,1628989,Kevin Huerter,ATL,21.0,6.32,3.18,3.14,2.05,0.0,0.27,0.68,0.7,1.04
302,1628995,Kevin Knox II,NYK,20.0,4.46,2.45,2.02,0.49,0.0,0.14,0.34,0.35,0.51
303,201567,Kevin Love,CLE,31.0,6.36,3.75,2.61,0.73,0.16,1.82,4.09,0.75,3.82
304,1629645,Kevin Porter Jr.,CLE,20.0,5.7,2.94,2.76,1.64,0.0,0.1,0.26,0.54,0.48
305,1626172,Kevon Looney,GSW,24.0,4.7,2.9,1.8,0.85,0.0,1.65,3.9,0.4,2.5
306,203920,Khem Birch,ORL,27.0,5.81,4.33,1.48,0.81,0.1,3.35,7.77,0.6,2.29
307,203114,Khris Middleton,MIL,28.0,5.73,2.4,3.32,1.82,0.1,0.53,1.19,0.82,1.26
308,1629017,Khyri Thomas,DET,24.0,0.63,0.5,0.13,0.88,0.0,0.0,0.0,0.25,0.13
309,1628961,Kostas Antetokounmpo,LAL,22.0,2.2,1.8,0.4,0.2,0.0,1.0,2.2,0.0,0.4
310,1627739,Kris Dunn,CHI,26.0,5.96,2.63,3.33,3.71,0.0,0.25,0.57,1.18,0.73
311,204001,Kristaps Porzingis,DAL,24.0,12.79,9.81,2.98,1.47,0.0,2.28,5.39,1.0,2.81
312,1629065,Ky Bowman,GSW,23.0,5.49,2.8,2.69,2.36,0.11,0.18,0.44,1.11,0.84
313,1629734,Kyle Alexander,MIA,23.0,2.5,1.5,1.0,0.0,0.0,0.5,1.5,0.0,0.0
314,203937,Kyle Anderson,MEM,26.0,5.58,3.21,2.37,1.48,0.03,0.57,1.28,0.58,0.76
315,1629657,Kyle Guy,SAC,22.0,1.0,0.67,0.33,0.0,0.0,0.0,0.0,0.0,0.67
316,2594,Kyle Korver,MIL,39.0,3.09,1.59,1.5,1.02,0.09,0.28,0.64,0.34,0.72
317,1628398,Kyle Kuzma,LAL,24.0,6.61,4.41,2.2,0.64,0.1,0.36,0.89,0.61,1.87
318,200768,Kyle Lowry,TOR,34.0,5.72,2.41,3.31,2.98,0.59,0.4,0.93,1.16,1.88
319,203124,Kyle O'Quinn,PHI,30.0,4.66,3.62,1.03,0.69,0.03,0.79,1.69,0.28,1.69
320,202681,Kyrie Irving,BKN,28.0,4.55,2.5,2.05,2.05,0.15,0.25,0.65,1.55,0.85
321,200746,LaMarcus Aldridge,SAS,34.0,12.47,9.68,2.79,1.49,0.0,4.36,9.64,0.79,5.51
322,202498,Lance Thomas,BKN,32.0,2.57,1.43,1.14,0.14,0.0,1.0,2.29,0.14,1.57
323,1629013,Landry Shamet,LAC,23.0,5.68,3.09,2.58,1.3,0.04,0.47,1.13,0.4,0.85
324,204038,Langston Galloway,DET,28.0,5.0,2.59,2.41,1.3,0.11,0.12,0.27,0.94,0.56
325,1626204,Larry Nance Jr.,CLE,27.0,5.91,3.79,2.13,2.16,0.09,1.48,3.46,1.05,3.61
326,1628374,Lauri Markkanen,CHI,23.0,9.3,6.24,3.06,1.6,0.02,1.06,2.36,0.72,2.04
327,2544,LeBron James,LAL,35.0,4.09,2.25,1.84,1.93,0.15,0.46,1.04,1.16,1.57
328,1629022,Lonnie Walker IV,SAS,21.0,3.59,1.85,1.74,0.87,0.0,0.15,0.36,0.39,0.3
329,1628366,Lonzo Ball,NOP,22.0,7.29,4.0,3.29,2.95,0.02,0.33,0.83,1.08,0.51
330,101150,Lou Williams,LAC,33.0,3.95,1.43,2.52,1.32,0.09,0.4,0.85,0.77,0.54
331,1629663,Louis King,DET,21.0,0.9,0.5,0.4,0.4,0.0,0.0,0.0,0.3,0.3
332,201601,Luc Mbah a Moute,HOU,33.0,2.33,0.67,1.67,0.67,0.0,0.33,0.67,0.33,0.0
333,1629652,Luguentz Dort,OKC,21.0,6.28,2.97,3.31,1.22,0.14,0.06,0.14,0.97,0.72
334,1629029,Luka Doncic,DAL,21.0,5.3,3.05,2.25,1.54,0.03,0.05,0.1,1.18,0.31
335,1629677,Luka Samanic,SAS,20.0,7.67,4.67,3.0,0.33,0.0,0.67,1.33,0.67,0.67
336,1628379,Luke Kennard,DET,24.0,5.18,2.43,2.75,0.79,0.0,0.32,0.75,0.93,0.64
337,1628436,Luke Kornet,CHI,24.0,6.64,5.28,1.36,0.64,0.0,1.78,3.97,0.19,2.61
338,1627763,Malcolm Brogdon,IND,27.0,4.98,2.76,2.22,1.46,0.0,0.19,0.39,1.2,0.46
339,1626259,Malcolm Miller,TOR,27.0,1.79,0.93,0.86,0.39,0.04,0.25,0.68,0.11,0.82
340,1627736,Malik Beasley,MIN,23.0,3.31,1.84,1.47,1.38,0.04,0.07,0.16,0.49,0.65
341,1628370,Malik Monk,CHA,22.0,3.91,1.87,2.04,1.0,0.04,0.16,0.44,0.55,0.25
342,1629005,Malik Newman,CLE,23.0,0.0,0.0,0.0,0.0,0.0,0.0,0.0,0.0,0.0
343,201188,Marc Gasol,TOR,35.0,10.32,8.55,1.77,1.61,0.18,2.05,4.95,0.5,3.64
344,201158,Marco Belinelli,SAS,34.0,2.39,0.74,1.65,0.42,0.0,0.11,0.25,0.28,0.28
345,202694,Marcus Morris Sr.,LAC,30.0,5.66,2.92,2.74,1.44,0.1,0.6,1.52,0.95,2.18
346,203935,Marcus Smart,BOS,26.0,6.72,3.08,3.63,3.2,0.2,0.38,0.85,1.27,1.58
347,1629621,Marial Shayok,PHI,24.0,1.5,0.5,1.0,0.0,0.25,0.0,0.0,0.75,0.5
348,1626209,Mario Hezonja,POR,25.0,4.17,2.13,2.04,1.21,0.04,0.3,0.74,0.47,1.06
349,1628365,Markelle Fultz,ORL,22.0,6.29,3.35,2.94,2.17,0.03,0.36,0.9,0.85,0.79
350,202693,Markieff Morris,LAL,30.0,4.72,2.47,2.26,1.21,0.02,0.95,2.16,0.6,1.86
351,1629741,Marko Guduric,MEM,25.0,2.0,0.95,1.05,0.73,0.02,0.05,0.11,0.3,0.27
352,1629716,Marques Bolden,CLE,22.0,0.0,0.0,0.0,1.0,0.0,0.0,0.0,0.0,0.0
353,1627737,Marquese Chriss,GSW,22.0,8.61,6.46,2.15,1.51,0.05,3.63,8.39,0.49,2.24
354,1628963,Marvin Bagley III,SAC,21.0,8.54,6.08,2.46,1.0,0.08,2.54,5.85,0.62,3.31
355,101107,Marvin Williams,MIL,34.0,5.98,3.66,2.33,1.26,0.1,0.66,1.6,0.36,2.4
356,203486,Mason Plumlee,DEN,30.0,6.2,4.39,1.8,1.31,0.11,2.44,5.36,0.33,1.59
357,1629680,Matisse Thybulle,PHI,23.0,4.55,2.55,2.0,2.57,0.0,0.18,0.48,0.85,0.55
358,1629760,Matt Mooney,CLE,25.0,1.0,0.25,0.75,0.75,0.0,0.0,0.0,0.25,0.75
359,1629744,Matt Thomas,TOR,25.0,2.0,0.73,1.27,0.39,0.02,0.05,0.1,0.22,0.32
360,203521,Matthew Dellavedova,CLE,29.0,2.61,1.33,1.28,0.61,0.07,0.21,0.51,0.37,1.05
361,203090,Maurice Harkless,NYK,27.0,5.55,3.23,2.32,2.18,0.0,0.53,1.31,0.58,0.95
362,1629622,Max Strus,CHI,24.0,1.0,1.0,0.0,0.0,0.0,0.0,0.0,0.0,0.5
363,1628467,Maxi Kleber,DAL,28.0,9.97,7.31,2.66,0.86,0.09,2.26,5.26,0.49,3.62
364,1628982,Melvin Frazier Jr.,ORL,23.0,1.32,0.63,0.68,0.53,0.0,0.05,0.11,0.16,0.42
365,203086,Meyers Leonard,MIA,28.0,7.0,5.2,1.8,0.61,0.06,1.47,3.57,0.27,4.45
366,1629662,Mfiondu Kabengele,LAC,22.0,2.75,2.42,0.33,0.42,0.0,0.67,1.5,0.17,0.0
367,203487,Michael Carter-Williams,ORL,28.0,4.47,2.2,2.27,1.64,0.2,0.09,0.2,0.87,0.49
368,1626187,Michael Frazier II,HOU,26.0,2.23,1.46,0.77,0.69,0.08,0.0,0.0,0.15,0.31
369,203077,Michael Kidd-Gilchrist,DAL,26.0,3.24,1.76,1.48,0.32,0.0,0.36,0.8,0.28,1.52
370,1629008,Michael Porter Jr.,DEN,22.0,4.55,2.91,1.64,0.85,0.0,0.05,0.15,0.47,0.36
371,1628969,Mikal Bridges,PHX,23.0,6.68,4.34,2.34,2.78,0.01,0.16,0.38,0.85,1.47
372,201144,Mike Conley,UTA,32.0,5.15,2.09,3.06,1.32,0.15,0.45,1.13,1.13,0.51
373,203488,Mike Muscala,OKC,28.0,6.09,4.96,1.13,0.55,0.04,1.15,2.45,0.13,2.49
374,203118,Mike Scott,PHI,31.0,3.15,1.68,1.47,0.54,0.0,0.66,1.54,0.53,2.35
375,1628970,Miles Bridges,CHA,22.0,8.62,4.98,3.63,1.29,0.03,0.15,0.43,0.89,1.17
376,1629011,Mitchell Robinson,NYK,22.0,10.46,7.56,2.9,1.66,0.03,2.48,5.43,0.7,4.36
377,1629671,Miye Oni,UTA,22.0,3.2,1.9,1.3,0.6,0.0,0.1,0.3,0.3,0.7
378,1628964,Mo Bamba,ORL,22.0,6.65,5.29,1.35,0.55,0.0,2.42,5.85,0.45,1.89
379,1628420,Monte Morris,DEN,25.0,3.0,1.55,1.45,1.22,0.05,0.3,0.63,0.59,0.49
380,1626149,Montrezl Harrell,LAC,26.0,12.32,8.7,3.62,0.89,0.48,3.21,7.51,0.73,5.76
381,1629021,Moritz Wagner,WAS,23.0,6.02,4.53,1.49,1.47,0.6,2.76,6.33,0.93,3.18
382,1629650,Moses Brown,POR,20.0,1.78,1.56,0.22,0.33,0.0,0.33,0.67,0.22,0.22
383,1628539,Mychal Mulder,GSW,26.0,7.43,3.71,3.71,0.71,0.0,0.14,0.43,0.57,1.71
384,1626167,Myles Turner,IND,24.0,11.1,8.74,2.35,1.58,0.05,2.63,5.89,0.5,3.06
385,1629642,Nassir Little,POR,20.0,3.69,2.02,1.67,0.42,0.0,0.48,1.13,0.33,0.69
386,1628513,Naz Mitrou-Long,IND,26.0,1.4,0.8,0.6,0.8,0.2,0.0,0.0,0.4,0.6
387,1629675,Naz Reid,MIN,20.0,7.43,5.33,2.1,1.13,0.07,2.33,5.43,0.47,2.4
388,202357,Nemanja Bjelica,SAC,32.0,9.56,5.32,4.24,2.01,0.0,0.97,2.32,0.6,2.06
389,203457,Nerlens Noel,OKC,26.0,8.28,6.64,1.64,2.61,0.11,2.72,5.85,0.8,2.97
390,1629651,Nic Claxton,BKN,21.0,6.73,5.07,1.67,0.33,0.0,1.2,2.93,0.2,2.07
391,1629638,Nickeil Alexander-Walker,NOP,21.0,3.0,1.68,1.32,0.89,0.09,0.11,0.26,0.36,0.47
392,201587,Nicolas Batum,CHA,31.0,7.0,4.05,2.95,1.27,0.23,0.27,0.68,1.0,0.73
393,1629740,Nicolo Melli,NOP,29.0,5.15,3.52,1.63,1.15,0.02,0.83,2.03,0.45,2.6
394,1628430,Nigel Williams-Goss,UTA,25.0,0.9,0.7,0.2,0.3,0.0,0.0,0.0,0.0,0.6
395,203999,Nikola Jokic,DEN,25.0,8.81,6.23,2.58,2.79,0.07,4.05,9.03,1.03,4.14
396,202696,Nikola Vucevic,ORL,29.0,10.11,7.94,2.18,1.74,0.0,5.03,11.45,0.87,5.34
397,203943,Noah Vonleh,DEN,24.0,3.89,2.78,1.11,0.53,0.0,1.78,4.19,0.53,1.39
398,1626181,Norman Powell,TOR,27.0,4.69,1.85,2.85,2.42,0.0,0.1,0.23,0.96,0.79
399,203658,Norvel Pelle,PHI,27.0,4.67,3.88,0.79,0.21,0.0,1.67,3.79,0.25,1.58
400,1628384,O.G. Anunoby,TOR,22.0,7.23,3.94,3.29,2.49,0.06,0.46,1.17,1.03,2.38
401,1629016,Omari Spellman,MIN,22.0,6.67,4.27,2.41,1.08,0.0,1.22,2.96,0.65,1.9
402,1629052,Oshae Brissett,TOR,22.0,1.74,0.58,1.16,0.47,0.0,0.11,0.26,0.26,0.42
403,203490,Otto Porter Jr.,CHI,27.0,4.36,2.71,1.64,1.29,0.07,0.07,0.14,0.71,0.21
404,1628408,P.J. Dozier,DEN,23.0,2.97,1.9,1.07,0.76,0.03,0.1,0.21,0.38,0.55
405,200782,P.J. Tucker,HOU,35.0,9.18,4.65,4.53,2.14,0.33,1.28,3.24,1.47,3.86
406,1629023,P.J. Washington,CHA,21.0,9.21,5.59,3.62,2.26,0.0,0.97,2.34,0.93,2.36
407,1627783,Pascal Siakam,TOR,26.0,10.33,4.73,5.6,1.65,0.02,0.92,2.4,1.28,2.73
408,1626192,Pat Connaughton,MIL,27.0,6.18,3.03,3.15,0.6,0.0,0.27,0.7,0.72,0.57
409,201976,Patrick Beverley,LAC,31.0,4.22,2.31,1.9,2.24,0.16,0.59,1.41,1.31,0.27
410,1627775,Patrick McCaw,TOR,24.0,3.62,1.46,2.16,1.59,0.0,0.27,0.7,0.76,0.65
411,202335,Patrick Patterson,LAC,31.0,3.49,1.93,1.56,0.22,0.07,0.54,1.36,0.24,1.61
412,201988,Patty Mills,SAS,31.0,2.35,1.02,1.33,1.14,0.09,0.5,1.08,0.76,0.76
413,202331,Paul George,LAC,30.0,6.65,3.5,3.15,2.96,0.15,0.42,0.92,1.19,1.31
414,200794,Paul Millsap,DEN,35.0,7.1,4.04,3.06,1.55,0.08,0.51,1.18,0.84,1.9
415,1628778,Paul Watson,TOR,25.0,1.5,0.7,0.8,0.3,0.0,0.0,0.0,0.3,0.9
416,1626188,Quinn Cook,LAL,27.0,1.89,0.8,1.09,0.36,0.0,0.14,0.34,0.32,0.2
417,1629683,Quinndary Weatherspoon,SAS,23.0,1.36,0.64,0.73,0.64,0.0,0.09,0.18,0.36,0.09
418,1629628,RJ Barrett,NYK,20.0,5.95,2.98,2.96,1.36,0.04,0.04,0.07,0.98,0.52
419,200765,Rajon Rondo,LAL,34.0,2.29,0.63,1.67,1.48,0.0,0.25,0.54,0.73,0.46
420,203526,Raul Neto,PHI,28.0,2.91,1.69,1.22,0.93,0.07,0.13,0.3,0.41,0.35
421,1629730,Rayjon Tucker,UTA,22.0,1.4,0.85,0.55,0.1,0.15,0.1,0.2,0.15,0.35
422,203493,Reggie Bullock,NYK,29.0,3.41,1.62,1.79,1.72,0.1,0.03,0.07,0.69,0.38
423,202704,Reggie Jackson,LAC,30.0,5.55,2.94,2.61,1.26,0.0,0.39,0.97,0.71,0.97
424,1626158,Richaun Holmes,SAC,26.0,10.02,8.09,1.93,2.07,0.0,4.32,10.39,0.89,3.27
425,201937,Ricky Rubio,PHX,29.0,5.2,2.11,3.09,2.69,0.12,0.25,0.6,1.11,0.72
426,203496,Robert Covington,HOU,29.0,7.43,4.1,3.33,3.39,0.09,0.69,1.67,1.04,2.44
427,1629057,Robert Williams III,BOS,22.0,6.0,4.1,1.9,1.38,0.0,2.48,6.03,0.55,1.31
428,201577,Robin Lopez,MIL,32.0,9.03,7.36,1.67,0.3,0.02,1.73,4.08,0.32,3.65
429,1629066,Rodions Kurucs,BKN,22.0,3.36,2.09,1.28,0.89,0.04,0.36,0.89,0.36,1.72
430,203918,Rodney Hood,POR,27.0,3.9,2.43,1.48,1.43,0.05,0.29,0.71,0.48,1.19
431,203585,Rodney McGruder,LAC,28.0,2.59,1.43,1.16,0.93,0.04,0.11,0.23,0.36,0.66
432,1629641,Romeo Langford,BOS,20.0,2.25,1.19,1.06,0.66,0.16,0.06,0.16,0.22,0.66
433,1626178,Rondae Hollis-Jefferson,TOR,25.0,5.98,3.3,2.68,1.52,0.05,0.92,2.33,0.88,2.0
434,1626220,Royce O'Neale,UTA,27.0,6.11,3.18,2.93,1.44,0.01,0.75,1.79,0.73,1.48
435,200752,Rudy Gay,SAS,33.0,6.43,3.78,2.66,1.16,0.01,0.99,2.15,0.67,1.78
436,203497,Rudy Gobert,UTA,28.0,16.43,13.38,3.04,1.57,0.0,6.93,16.01,0.63,5.07
437,1629060,Rui Hachimura,WAS,22.0,8.58,5.1,3.48,1.5,0.02,0.73,1.6,0.69,2.85
438,201566,Russell Westbrook,HOU,31.0,4.35,2.09,2.26,2.63,0.04,0.16,0.35,1.47,0.7
439,201583,Ryan Anderson,HOU,32.0,1.5,1.0,0.5,0.5,0.0,1.0,3.0,0.0,1.0
440,1627853,Ryan Arcidiacono,CHI,26.0,2.4,0.84,1.55,0.83,0.33,0.16,0.36,0.55,0.34
441,1629151,Ryan Broekhoff,PHI,29.0,2.18,1.53,0.65,0.59,0.06,0.12,0.29,0.41,1.0
442,1629635,Sekou Doumbouya,DET,19.0,4.16,2.87,1.29,0.61,0.0,0.39,0.95,0.71,1.13
443,1628400,Semi Ojeleye,BOS,25.0,3.77,1.68,2.09,0.51,0.17,0.36,0.8,0.33,1.55
444,201586,Serge Ibaka,TOR,30.0,11.38,7.93,3.45,1.02,0.0,2.44,6.15,0.67,5.84
445,203552,Seth Curry,DAL,29.0,3.72,1.52,2.2,1.41,0.06,0.19,0.39,0.67,0.31
446,203894,Shabazz Napier,WAS,28.0,3.5,1.43,2.07,2.38,0.04,0.3,0.79,0.75,0.59
447,1628983,Shai Gilgeous-Alexander,OKC,21.0,7.9,4.66,3.24,2.06,0.03,0.19,0.4,1.2,0.64
448,1629003,Shake Milton,PHI,23.0,3.2,1.75,1.45,0.93,0.05,0.2,0.45,0.5,0.33
449,1629044,Shamorie Ponds,TOR,22.0,0.75,0.5,0.25,0.25,0.0,0.0,0.0,0.0,0.0
450,1627885,Shaquille Harrison,CHI,26.0,2.37,1.3,1.07,1.53,0.0,0.12,0.28,0.72,0.33
451,1628414,Sindarius Thornwell,NOP,25.0,4.0,3.0,1.0,1.0,0.0,0.0,0.0,0.0,1.0
452,1627746,Skal Labissiere,ATL,24.0,8.61,6.76,1.85,0.39,0.0,3.3,7.73,0.48,2.7
453,203524,Solomon Hill,MIA,29.0,4.12,1.8,2.32,1.47,0.0,0.39,0.93,0.64,1.8
454,203915,Spencer Dinwiddie,BKN,27.0,6.23,3.19,3.05,1.11,0.03,0.58,1.42,0.97,0.97
455,1626169,Stanley Johnson,TOR,24.0,1.52,0.76,0.76,0.28,0.0,0.08,0.2,0.2,0.28
456,1629742,Stanton Kidd,UTA,28.0,1.25,0.5,0.75,0.0,0.0,0.0,0.0,0.0,0.0
457,201939,Stephen Curry,GSW,32.0,3.4,2.0,1.4,2.2,0.0,0.0,0.0,1.0,0.6
458,1628425,Sterling Brown,MIL,25.0,2.94,1.21,1.73,0.88,0.02,0.12,0.31,0.42,0.75
459,203500,Steven Adams,OKC,26.0,11.48,8.98,2.49,1.43,0.05,4.79,10.21,1.06,5.08
460,1629004,Svi Mykhailiuk,DET,23.0,3.61,1.86,1.75,1.39,0.02,0.2,0.43,0.7,0.59
461,1628388,T.J. Leaf,IND,23.0,3.29,2.21,1.07,0.43,0.0,0.82,1.82,0.21,0.86
462,204456,T.J. McConnell,IND,28.0,2.8,1.44,1.37,1.79,0.07,0.14,0.28,0.77,0.27
463,203933,T.J. Warren,IND,26.0,4.87,2.43,2.43,2.91,0.06,0.18,0.42,1.09,0.93
464,1629605,Tacko Fall,BOS,24.0,1.86,1.86,0.0,0.14,0.0,0.71,1.57,0.14,0.86
465,201959,Taj Gibson,NYK,35.0,5.61,3.68,1.94,0.71,0.0,2.21,4.89,0.6,3.55
466,1629659,Talen Horton-Tucker,LAL,19.0,5.33,1.67,3.67,1.67,0.0,0.0,0.0,0.67,0.33
467,1629745,Tariq Owens,PHX,25.0,2.67,0.67,2.0,0.33,0.0,0.0,0.0,0.0,0.0
468,1627752,Taurean Prince,BKN,26.0,5.95,2.81,3.14,1.88,0.16,0.67,1.67,0.81,1.84
469,1629611,Terance Mann,LAC,23.0,1.66,0.8,0.85,0.61,0.02,0.07,0.17,0.29,0.17
470,1629056,Terence Davis,TOR,23.0,3.26,1.19,2.07,0.97,0.04,0.11,0.28,0.68,0.43
471,1628390,Terrance Ferguson,OKC,22.0,6.38,3.95,2.43,1.11,0.0,0.23,0.52,0.38,0.52
472,203082,Terrence Ross,ORL,29.0,3.78,1.57,2.22,1.93,0.0,0.13,0.26,0.71,0.83
473,1626179,Terry Rozier,CHA,26.0,5.51,1.63,3.87,1.52,0.0,0.24,0.57,1.48,0.44
474,200757,Thabo Sefolosha,HOU,36.0,2.98,2.02,0.95,1.41,0.0,0.46,1.17,0.24,1.54
475,201152,Thaddeus Young,CHI,32.0,7.31,3.77,3.55,2.73,0.2,0.63,1.42,0.97,2.02
476,203648,Thanasis Antetokounmpo,MIL,27.0,1.9,1.35,0.55,0.3,0.0,0.1,0.3,0.25,0.2
477,1629033,Theo Pinson,NYK,24.0,2.48,1.3,1.18,1.09,0.03,0.03,0.09,0.27,0.52
478,1628418,Thomas Bryant,WAS,22.0,10.28,8.46,1.83,0.76,0.02,3.83,8.7,0.72,3.43
479,1627748,Thon Maker,DET,23.0,5.63,4.58,1.05,0.87,0.03,1.55,3.63,0.37,1.95
480,204025,Tim Frazier,DET,29.0,2.19,0.93,1.26,0.81,0.11,0.15,0.41,0.67,0.3
481,203501,Tim Hardaway Jr.,DAL,28.0,5.9,2.42,3.48,1.11,0.1,0.24,0.54,0.46,0.66
482,1627789,Timothe Luwawu-Cabarrot,BKN,25.0,4.96,2.49,2.47,0.85,0.06,0.17,0.4,0.7,1.66
483,202699,Tobias Harris,PHI,27.0,6.4,3.88,2.53,1.06,0.0,0.33,0.72,0.72,2.17
484,203107,Tomas Satoransky,CHI,28.0,4.46,2.32,2.14,2.03,0.11,0.34,0.91,1.2,1.08
485,1628396,Tony Bradley,UTA,22.0,6.21,5.12,1.09,0.45,0.0,1.9,4.45,0.22,2.6
486,203503,Tony Snell,DET,28.0,6.49,3.73,2.76,1.59,0.0,0.29,0.69,0.47,1.58
487,1628470,Torrey Craig,DEN,29.0,5.09,2.86,2.22,0.81,0.0,0.12,0.26,0.48,0.31
488,1629027,Trae Young,ATL,21.0,4.2,1.98,2.22,1.75,0.22,0.17,0.35,1.18,0.22
489,1629682,Tremont Waters,BOS,22.0,2.0,0.45,1.55,1.36,0.0,0.09,0.27,0.55,0.27
490,1626203,Treveon Graham,ATL,26.0,3.91,2.35,1.56,0.67,0.09,0.27,0.65,0.8,1.24
491,2772,Trevor Ariza,POR,35.0,5.26,2.32,2.94,2.77,0.02,0.4,1.0,0.89,0.85
492,203504,Trey Burke,DAL,27.0,2.61,1.3,1.3,0.88,0.03,0.12,0.27,0.39,0.21
493,1626168,Trey Lyles,SAS,24.0,6.33,3.89,2.44,0.79,0.02,0.98,2.22,0.57,2.02
494,202684,Tristan Thompson,CLE,29.0,10.58,7.58,3.0,1.05,0.0,4.63,10.4,1.14,4.82
495,1628972,Troy Brown Jr.,WAS,20.0,5.19,2.58,2.61,1.96,0.03,0.12,0.3,0.93,0.9
496,203584,Troy Daniels,DEN,28.0,2.04,0.83,1.21,0.55,0.0,0.09,0.19,0.28,0.55
497,1629660,Ty Jerome,PHX,22.0,2.32,1.19,1.13,0.74,0.03,0.03,0.1,0.32,0.55
498,1629076,Tyler Cook,DEN,22.0,1.0,0.38,0.62,0.31,0.0,0.54,1.46,0.15,0.69
499,1629639,Tyler Herro,MIA,20.0,5.85,3.02,2.84,1.04,0.0,0.13,0.27,0.73,0.69
500,204020,Tyler Johnson,BKN,28.0,4.21,1.85,2.36,0.9,0.1,0.15,0.36,0.46,0.59
501,203092,Tyler Zeller,SAS,30.0,1.0,1.0,0.0,0.0,0.0,0.0,0.0,0.0,0.0
502,1627820,Tyrone Wallace,ATL,26.0,1.86,1.21,0.64,1.0,0.07,0.0,0.0,0.29,0.21
503,2199,Tyson Chandler,HOU,37.0,3.23,2.5,0.73,0.31,0.04,0.85,2.08,0.19,1.42
504,1626145,Tyus Jones,MEM,24.0,3.74,1.46,2.28,1.17,0.02,0.08,0.18,0.51,0.22
505,2617,Udonis Haslem,MIA,40.0,1.5,1.25,0.25,0.25,0.25,1.25,3.0,0.0,1.5
506,1629724,Vic Law,ORL,24.0,1.13,0.25,0.88,0.25,0.0,0.0,0.0,0.13,0.75
507,203506,Victor Oladipo,IND,28.0,5.84,2.05,3.79,1.42,0.53,0.05,0.11,1.05,0.74
508,1713,Vince Carter,ATL,43.0,3.0,1.33,1.67,1.02,0.02,0.48,1.13,0.23,1.58
509,1629738,Vincent Poirier,BOS,26.0,3.27,2.59,0.68,0.27,0.0,1.64,4.0,0.27,1.18
510,1628427,Vlatko Cancar,DEN,23.0,1.14,0.5,0.64,0.29,0.0,0.43,0.93,0.21,0.14
511,201961,Wayne Ellington,NYK,32.0,3.06,1.47,1.58,0.69,0.0,0.08,0.19,0.36,0.33
512,1628976,Wendell Carter Jr.,CHI,21.0,7.53,6.33,1.21,1.23,0.07,4.26,9.7,1.02,5.65
513,1629117,Wenyen Gabriel,POR,23.0,2.83,2.03,0.8,0.63,0.0,0.67,1.57,0.37,1.67
514,1628411,Wes Iwundu,ORL,25.0,3.65,1.98,1.67,0.96,0.0,0.08,0.17,0.46,0.38
515,202083,Wesley Matthews,MIL,33.0,4.85,2.03,2.82,1.37,0.09,0.34,0.84,0.51,1.42
516,203115,Will Barton,DEN,29.0,6.79,3.38,3.41,1.55,0.02,0.19,0.4,1.02,0.33
517,1629739,William Howard,HOU,26.0,1.0,0.0,1.0,0.0,0.0,0.0,0.0,0.5,0.0
518,1626161,Willie Cauley-Stein,DAL,26.0,7.69,5.59,2.09,1.76,0.04,3.28,7.44,0.67,3.46
519,1626195,Willy Hernangomez,CHA,26.0,4.23,3.16,1.06,0.61,0.03,1.03,2.32,0.32,1.35
520,201163,Wilson Chandler,BKN,33.0,5.94,3.0,2.94,0.49,0.0,0.43,1.09,0.37,1.94
521,1627812,Yogi Ferrell,SAC,27.0,1.3,0.44,0.86,0.4,0.08,0.08,0.18,0.48,0.3
522,1629139,Yuta Watanabe,MEM,25.0,1.78,0.83,0.94,0.11,0.06,0.0,0.0,0.33,0.5
523,1628380,Zach Collins,POR,22.0,12.09,7.55,4.55,0.91,0.0,3.27,7.91,0.45,5.0
524,203897,Zach LaVine,CHI,25.0,6.15,2.65,3.5,2.07,0.0,0.35,0.77,0.88,0.87
525,1629668,Zach Norvell Jr.,GSW,22.0,1.4,0.2,1.2,0.2,0.2,0.0,0.0,0.6,0.0
526,1629015,Zhaire Smith,PHI,21.0,1.29,0.71,0.57,1.14,0.0,0.0,0.0,0.0,0.14
527,1629627,Zion Williamson,NOP,19.0,7.08,3.75,3.33,1.5,0.04,1.83,4.29,1.5,1.17
528,1629597,Zylan Cheatham,NOP,24.0,3.25,2.0,1.25,0.75,0.0,0.75,1.75,0.25,0.75
