,PLAYER_ID,PCT_STL,PCT_BLK,DEF_WS,postupdefense Poss,postupdefense PPP,Defense UnderRim OPPFGPCT,Defense <5ft OPPFGPCT,Defense 5-9ft OPPFGPCT,Defense 10-14ft OPPFGPCT,Defense 15-19ft OPPFGPCT,Defense 20-24ft OPPFGPCT,Defense 25-29ft OPPFGPCT,Defense 30-34ft OPPFGPCT,Defense 35-39ft OPPFGPCT,Defense 40+ft OPPFGPCT
0,204038.0,18.8,7.000000000000001,5.2,0.2,1.14,0.573,0.616,0.388,0.447,0.471,0.408,0.375,0.217,0.0,0.0
1,1629014.0,16.0,5.8999999999999995,3.3000000000000003,0.4,0.82,0.702,0.599,0.379,0.439,0.389,0.319,0.337,0.385,0.0,0.0
2,1626171.0,15.4,13.8,5.4,0.7,0.89,0.583,0.614,0.461,0.43,0.423,0.35,0.31,0.455,0.5,0.0
3,1629632.0,14.000000000000002,4.2,7.7,0.2,1.17,0.75,0.627,0.5,0.2,0.364,0.471,0.278,0.0,0.0,0.0
4,1627827.0,17.1,19.6,8.200000000000001,1.0,0.84,0.684,0.603,0.35,0.421,0.324,0.415,0.393,0.0,0.0,0.0
5,203926.0,6.0,4.1000000000000005,8.0,0.3,1.29,0.625,0.629,0.395,0.375,0.407,0.361,0.349,0.353,0.333,0.0
6,1627826.0,7.1,47.099999999999994,7.9,0.8,0.68,0.667,0.566,0.526,0.446,0.433,0.337,0.309,0.333,0.0,0.0
7,1628973.0,17.7,3.9,7.000000000000001,0.5,1.32,0.593,0.64,0.348,0.438,0.399,0.389,0.359,0.241,0.333,0.1
8,203200.0,29.599999999999998,24.0,9.5,0.7,0.65,0.478,0.561,0.28,0.529,0.385,0.568,0.345,0.333,0.0,0.0
9,1628969.0,29.5,25.8,9.0,0.7,0.98,0.657,0.576,0.427,0.392,0.351,0.36,0.326,0.273,0.25,0.2
10,203118.0,11.1,3.5999999999999996,7.6,0.3,0.64,0.521,0.565,0.372,0.414,0.381,0.376,0.376,0.286,0.0,0.0
11,1628420.0,20.0,9.2,6.4,0.3,1.53,0.738,0.646,0.477,0.429,0.372,0.382,0.391,0.154,0.333,0.0
12,203999.0,21.9,21.6,9.3,1.0,0.72,0.4,0.567,0.267,0.615,0.6,0.31,0.303,0.2,0.0,0.0
13,1628983.0,20.200000000000003,20.1,9.9,0.8,1.14,0.804,0.628,0.349,0.417,0.431,0.361,0.374,0.333,0.0,0.0
14,1629056.0,19.8,9.4,7.3999999999999995,0.0,0.0,0.724,0.623,0.371,0.297,0.414,0.438,0.38,0.5,0.0,0.0
15,202699.0,13.200000000000001,15.299999999999999,11.600000000000001,0.7,0.75,0.714,0.725,0.278,0.167,0.222,0.313,0.286,,0.0,0.0
16,203107.0,21.0,4.7,8.5,0.7,0.87,0.667,0.596,0.333,0.429,0.148,0.386,0.318,0.5,0.0,0.0
17,203897.0,20.8,17.2,7.8,0.6,1.16,0.576,0.647,0.378,0.478,0.415,0.4,0.361,0.35,0.0,0.0
18,1628389.0,23.1,41.5,11.0,0.7,0.69,0.605,0.584,0.402,0.341,0.216,0.329,0.401,0.154,0.5,0.25
19,203463.0,15.299999999999999,9.8,6.5,0.3,1.0,0.833,0.692,0.143,0.333,0.2,0.4,0.167,0.0,0.0,0.0
20,1628971.0,25.3,17.1,7.000000000000001,0.4,0.55,0.677,0.624,0.402,0.383,0.464,0.398,0.381,0.6,0.333,0.167
21,1627854.0,15.1,0.0,2.9000000000000004,0.5,0.96,0.659,0.571,0.386,0.453,0.408,0.409,0.368,0.214,0.0,0.0
22,1627741.0,18.6,9.2,6.3,0.5,0.72,0.627,0.63,0.421,0.25,0.469,0.333,0.393,0.333,1.0,0.0
23,1626224.0,21.3,15.0,3.1,0.0,0.0,0.518,0.591,0.408,0.431,0.385,0.414,0.326,0.462,0.2,0.1
24,101108.0,28.7,5.6000000000000005,11.0,0.8,0.93,0.62,0.596,0.363,0.492,0.4,0.385,0.373,0.3,0.0,0.0
25,1629012.0,21.6,5.4,1.7000000000000002,0.9,1.04,0.5,0.773,0.2,0.375,0.636,0.3,0.545,0.0,0.0,0.0
26,202709.0,19.1,14.799999999999999,8.1,0.4,1.05,0.688,0.663,0.477,0.424,0.421,0.371,0.369,0.333,0.0,0.0
27,203081.0,21.9,6.7,5.0,0.6,0.91,0.611,0.61,0.474,0.412,0.417,0.442,0.378,0.4,0.0,0.0
28,203471.0,14.399999999999999,6.0,14.6,0.7,0.81,0.748,0.667,0.377,0.381,0.357,0.349,0.359,0.471,0.0,0.0
29,1628984.0,20.1,8.1,7.3,0.4,1.1,0.617,0.601,0.385,0.435,0.408,0.385,0.303,0.5,0.0,0.0
30,1628415.0,19.3,11.5,8.5,0.2,1.31,0.8,0.603,0.222,0.5,0.364,0.478,0.303,0.0,0.0,0.0
31,1629130.0,11.1,9.3,11.0,0.4,1.0,0.589,0.641,0.37,0.345,0.391,0.368,0.337,0.346,0.5,0.167
32,203095.0,20.0,6.7,8.7,0.4,1.09,0.745,0.646,0.366,0.398,0.419,0.337,0.366,0.111,0.0,0.0
33,1627788.0,16.2,9.1,8.0,0.2,1.17,0.613,0.621,0.363,0.408,0.404,0.385,0.357,0.471,0.0,0.0
34,203084.0,11.1,5.800000000000001,7.6,0.8,0.59,0.528,0.596,0.45,0.436,0.427,0.356,0.351,0.286,1.0,0.0
35,1627751.0,19.7,57.199999999999996,5.4,0.6,0.77,0.646,0.649,0.33,0.424,0.338,0.433,0.343,0.167,0.0,0.0
36,203924.0,17.5,29.2,5.2,0.6,1.03,0.652,0.7,0.389,0.439,0.455,0.455,0.274,0.333,0.0,0.5
37,204060.0,22.3,5.6000000000000005,11.600000000000001,0.4,0.83,0.652,0.618,0.355,0.435,0.45,0.396,0.376,0.235,0.0,0.0
38,203145.0,28.799999999999997,19.7,9.2,0.5,1.18,0.714,0.657,0.411,0.447,0.407,0.348,0.364,0.273,0.0,0.1
39,1628995.0,12.8,22.2,5.6000000000000005,0.2,0.73,0.661,0.61,0.346,0.447,0.438,0.342,0.362,0.333,0.2,0.0
40,1628365.0,26.0,5.7,6.9,0.2,0.92,0.615,0.64,0.455,0.6,0.2,0.407,0.5,0.333,0.0,0.0
41,1628467.0,11.1,43.7,7.3,1.1,0.76,0.67,0.611,0.426,0.389,0.378,0.333,0.319,0.214,0.2,0.091
42,1628970.0,15.7,30.4,4.3,0.5,0.93,0.715,0.651,0.412,0.457,0.447,0.435,0.383,0.391,0.0,0.1
43,1626149.0,16.5,39.800000000000004,10.9,1.2,1.09,0.545,0.587,0.349,0.398,0.411,0.397,0.353,0.667,0.5,0.1
44,202357.0,20.4,23.5,6.3,1.3,1.04,0.667,0.612,0.358,0.373,0.394,0.404,0.38,0.333,0.0,0.0
45,,,,,0.5,0.64,0.623,0.602,0.403,0.416,0.402,0.417,0.333,0.278,0.0,0.0
46,200782.0,17.7,13.3,9.9,1.0,0.89,0.788,0.68,0.447,0.633,0.534,0.357,0.364,0.167,0.0,0.0
47,201988.0,22.5,3.2,6.7,0.4,0.96,0.25,0.522,0.25,0.5,0.333,0.286,0.313,,,0.0
48,1626220.0,22.7,18.9,9.9,0.9,0.96,0.467,0.526,0.383,0.38,0.389,0.376,0.356,0.438,0.0,0.0
49,201152.0,26.400000000000002,17.299999999999997,8.0,0.0,0.0,0.665,0.62,0.405,0.484,0.415,0.373,0.351,0.438,0.0,0.0
50,1626168.0,14.099999999999998,23.7,3.0,0.6,1.03,0.585,0.579,0.366,0.467,0.458,0.447,0.346,0.0,0.0,0.0
51,1626145.0,26.200000000000003,3.9,5.5,0.3,0.86,0.673,0.635,0.408,0.402,0.316,0.377,0.314,0.4,0.0,0.0
52,1627732.0,33.5,14.7,12.2,0.5,0.86,0.731,0.632,0.384,0.45,0.415,0.438,0.376,0.143,0.0,0.0
53,202711.0,13.900000000000002,4.2,10.5,0.8,1.05,0.736,0.655,0.406,0.433,0.422,0.367,0.353,0.316,0.0,0.067
54,202954.0,27.0,8.799999999999999,7.8,0.3,0.67,0.718,0.586,0.368,0.424,0.399,0.399,0.375,0.25,0.0,0.0
55,1626174.0,17.4,41.199999999999996,6.4,0.8,0.79,0.462,0.545,0.514,0.571,0.68,0.444,0.347,1.0,0.0,0.0
56,1629647.0,13.900000000000002,31.3,9.3,0.5,0.9,0.548,0.584,0.388,0.488,0.394,0.296,0.347,0.333,0.5,0.0
57,1629636.0,17.599999999999998,3.4000000000000004,4.5,0.4,1.0,0.686,0.654,0.388,0.424,0.406,0.44,0.35,0.333,0.0,0.0
58,1629631.0,13.600000000000001,8.9,4.9,0.6,1.19,0.669,0.634,0.401,0.444,0.378,0.349,0.371,0.286,0.333,0.0
59,1626153.0,39.5,13.8,6.0,0.4,1.04,0.69,0.608,0.443,0.356,0.384,0.378,0.38,0.222,0.0,0.0
60,1628378.0,23.599999999999998,7.3999999999999995,10.4,0.4,1.27,0.647,0.527,0.378,0.469,0.28,0.41,0.333,0.0,0.0,0.0
61,2730.0,14.399999999999999,52.300000000000004,6.800000000000001,0.3,0.75,0.692,0.611,0.45,0.412,0.405,0.403,0.335,0.333,0.0,0.0
62,202397.0,19.8,17.5,4.3999999999999995,0.3,1.07,0.703,0.586,0.377,0.402,0.409,0.397,0.391,0.053,0.0,0.0
63,1628386.0,16.5,51.1,7.1,0.9,0.91,0.762,0.653,0.308,0.382,0.409,0.313,0.302,0.0,0.0,0.0
64,203903.0,20.1,12.4,5.6000000000000005,0.0,0.0,0.718,0.666,0.429,0.41,0.444,0.4,0.355,0.344,0.5,0.0
65,203944.0,15.1,11.600000000000001,7.000000000000001,0.9,0.77,0.75,0.687,0.423,0.5,0.422,0.42,0.289,0.286,0.0,0.0
66,1626162.0,22.3,24.8,8.6,0.5,1.35,1.0,0.721,0.667,0.0,0.0,0.385,0.52,0.0,0.0,0.0
67,203484.0,18.9,5.800000000000001,8.799999999999999,0.6,1.09,0.5,0.579,0.0,0.0,0.2,0.091,0.444,0.0,,0.5
68,203915.0,17.0,11.5,8.6,0.8,1.05,0.667,0.619,0.333,0.429,0.667,0.333,0.474,1.0,0.0,0.0
69,204456.0,26.200000000000003,8.9,6.6000000000000005,0.0,0.0,0.583,0.606,0.429,0.373,0.466,0.406,0.37,0.0,0.5,0.0
70,1627752.0,23.400000000000002,14.6,8.9,0.9,1.21,0.611,0.662,0.538,0.385,0.333,0.353,0.309,0.0,0.0,0.0
71,203082.0,24.5,10.299999999999999,8.799999999999999,0.2,1.09,0.52,0.562,0.37,0.396,0.461,0.342,0.335,0.0,0.0,0.0
72,1626179.0,21.6,5.2,5.5,0.4,1.26,0.647,0.577,0.448,0.411,0.468,0.384,0.269,0.0,0.0,0.0
73,201572.0,16.7,62.0,14.799999999999999,0.6,1.07,0.682,0.691,0.396,0.438,0.259,0.3,0.318,0.5,0.0,0.0
74,203468.0,16.2,12.8,5.6000000000000005,0.5,0.76,0.772,0.613,0.423,0.421,0.428,0.38,0.365,0.24,0.25,0.0
75,201980.0,25.8,13.100000000000001,9.5,0.7,1.09,0.694,0.648,0.268,0.438,0.367,0.319,0.407,0.5,0.0,0.0
76,201942.0,20.599999999999998,7.8,5.1,0.9,1.06,0.569,0.619,0.397,0.492,0.411,0.381,0.333,0.357,0.0,0.0
77,1628401.0,18.4,30.3,7.1,0.4,0.65,0.579,0.64,0.354,0.364,0.416,0.358,0.361,0.091,0.0,0.0
78,1626164.0,12.9,8.5,7.000000000000001,0.5,1.0,0.717,0.645,0.423,0.474,0.407,0.398,0.333,0.125,0.0,0.0
79,1627734.0,14.399999999999999,14.899999999999999,12.3,1.0,0.8,0.617,0.612,0.457,0.483,0.542,0.375,0.354,0.125,1.0,0.0
80,1629684.0,16.900000000000002,28.999999999999996,7.000000000000001,0.5,1.18,0.634,0.661,0.422,0.493,0.429,0.39,0.367,0.071,0.25,0.0
81,1628991.0,15.6,46.7,6.7,1.1,0.98,0.783,0.676,0.426,0.408,0.439,0.387,0.379,0.432,0.333,0.0
82,1629633.0,21.099999999999998,19.7,6.800000000000001,0.5,0.92,1.0,0.857,0.333,0.0,0.0,0.444,0.444,0.5,0.0,0.0
83,1629637.0,14.6,47.8,4.7,0.8,1.1,0.658,0.653,0.411,0.479,0.378,0.371,0.324,0.231,1.0,0.0
84,203925.0,14.7,8.5,8.0,0.4,0.86,0.769,0.654,0.437,0.558,0.396,0.404,0.311,0.0,0.0,0.5
85,101150.0,17.2,6.7,9.8,0.3,0.47,0.762,0.711,0.3,0.436,0.4,0.514,0.342,0.333,0.0,0.0
86,1628370.0,16.6,15.0,4.2,0.3,0.92,0.754,0.642,0.387,0.471,0.46,0.433,0.363,0.25,0.5,0.125
87,203496.0,28.299999999999997,33.7,8.9,0.7,0.94,0.792,0.609,0.406,0.434,0.48,0.397,0.296,0.0,0.0,0.0
88,203497.0,17.4,68.5,12.3,0.9,0.69,0.605,0.574,0.329,0.455,0.444,0.324,0.349,0.0,0.0,0.0
89,203933.0,23.0,13.8,11.5,0.3,1.35,0.571,0.686,0.429,0.4,0.385,0.392,0.35,0.2,0.0,0.0
90,201959.0,15.4,40.5,2.5,0.6,0.84,0.579,0.651,0.432,0.488,0.485,0.39,0.407,0.273,1.0,0.25
91,1627748.0,20.5,50.6,2.7,0.0,0.0,0.763,0.582,0.387,0.39,0.375,0.412,0.376,0.154,0.0,0.0
92,203501.0,15.4,2.4,7.6,0.6,0.75,0.787,0.646,0.371,0.412,0.426,0.402,0.374,0.395,0.5,0.0
93,203083.0,37.2,51.1,6.6000000000000005,0.7,1.0,0.683,0.598,0.388,0.424,0.347,0.37,0.375,0.182,0.0,0.0
94,1627745.0,16.3,45.5,0.7000000000000001,0.7,1.08,0.519,0.59,0.394,0.485,0.585,0.342,0.327,0.2,0.0,0.0
95,202355.0,10.6,64.7,6.0,0.9,0.71,0.551,0.567,0.406,0.393,0.438,0.37,0.347,0.231,0.5,0.0
96,201580.0,16.900000000000002,50.0,6.5,0.5,1.28,0.607,0.631,0.433,0.485,0.469,0.367,0.357,0.235,0.0,0.0
97,203516.0,16.2,16.900000000000002,4.8,0.2,1.27,0.712,0.587,0.371,0.461,0.391,0.433,0.326,0.538,0.333,0.0
98,201935.0,27.800000000000004,21.6,11.3,1.8,0.55,0.689,0.62,0.412,0.266,0.338,0.347,0.405,0.333,0.0,0.0
99,202685.0,11.600000000000001,38.6,9.0,0.9,0.98,0.684,0.634,0.377,0.375,0.394,0.357,0.359,0.263,0.0,0.0
100,1629006.0,22.7,16.0,5.800000000000001,0.3,0.59,0.627,0.618,0.452,0.472,0.382,0.416,0.367,0.25,0.333,0.0
101,1629134.0,18.2,9.0,8.4,0.3,0.88,0.594,0.606,0.357,0.361,0.4,0.321,0.308,0.308,0.25,0.0
102,1627739.0,34.1,16.0,11.3,0.7,1.12,0.74,0.648,0.435,0.414,0.409,0.386,0.362,0.316,0.333,0.0
103,2544.0,19.1,10.6,15.4,0.3,0.43,0.0,0.8,0.25,0.0,0.0,0.286,0.167,,0.0,
104,203090.0,25.8,20.0,7.3,0.5,1.13,0.414,0.515,0.276,0.429,0.408,0.245,0.354,0.0,0.0,0.0
105,1629011.0,23.599999999999998,62.6,6.800000000000001,0.9,1.06,0.627,0.623,0.464,0.451,0.431,0.406,0.378,0.364,0.0,0.1
106,200752.0,15.1,18.5,7.1,0.5,0.63,0.78,0.648,0.413,0.393,0.444,0.37,0.386,0.222,0.5,0.0
107,1627853.0,14.000000000000002,3.8,6.5,0.4,0.6,0.718,0.634,0.404,0.469,0.382,0.387,0.356,0.333,1.0,0.0
108,1628400.0,14.099999999999998,4.5,5.5,0.5,1.2,0.648,0.576,0.415,0.328,0.411,0.399,0.36,0.25,0.0,0.0
109,203552.0,20.5,5.4,6.0,0.5,1.15,0.516,0.609,0.365,0.44,0.397,0.34,0.331,0.571,0.0,0.0
110,202083.0,14.7,4.9,14.899999999999999,0.4,0.53,0.546,0.596,0.422,0.397,0.421,0.434,0.368,0.273,0.0,0.0
111,201143.0,15.5,29.799999999999997,10.8,0.9,1.0,0.737,0.622,0.373,0.437,0.438,0.447,0.349,0.211,0.2,0.0
112,1627936.0,31.4,12.1,9.8,0.5,0.52,0.673,0.603,0.486,0.333,0.447,0.352,0.381,0.0,0.0,0.0
113,203085.0,17.299999999999997,6.7,5.8999999999999995,0.5,1.08,0.625,0.615,0.3,0.4,0.364,0.292,0.517,0.0,0.0,0.0
114,203469.0,22.1,26.6,3.5999999999999996,0.7,0.81,0.536,0.615,0.406,0.37,0.386,0.338,0.362,0.333,0.0,0.0
115,1627749.0,40.699999999999996,9.0,4.1000000000000005,0.5,0.96,0.707,0.616,0.414,0.476,0.45,0.423,0.372,0.091,0.0,0.0
116,1629672.0,11.600000000000001,9.1,3.8,0.4,0.91,0.671,0.608,0.428,0.407,0.424,0.372,0.34,0.5,0.0,0.0
117,101141.0,15.7,15.6,6.4,0.4,1.05,0.667,0.588,0.398,0.393,0.407,0.32,0.329,0.32,0.0,0.0
118,203922.0,17.599999999999998,9.2,3.9,0.7,0.97,0.711,0.619,0.403,0.5,0.421,0.395,0.378,0.143,0.0,0.0
119,200755.0,7.9,6.2,4.8,0.3,0.93,0.729,0.613,0.381,0.364,0.259,0.335,0.346,0.333,0.0,0.0
120,1628369.0,23.0,20.9,15.6,0.5,0.96,0.611,0.61,0.388,0.44,0.317,0.391,0.279,1.0,0.0,0.0
121,200746.0,15.0,52.400000000000006,5.2,1.0,1.06,0.623,0.587,0.405,0.432,0.432,0.381,0.345,0.167,0.0,0.25
122,1627737.0,20.5,50.4,3.4000000000000004,0.5,1.09,0.699,0.636,0.429,0.371,0.395,0.347,0.35,0.364,0.333,0.143
123,1628964.0,15.1,58.099999999999994,6.5,0.5,0.54,0.71,0.643,0.37,0.478,0.399,0.419,0.354,0.421,0.0,0.0
124,1626192.0,15.5,21.7,8.3,0.0,0.0,0.833,0.679,0.545,0.211,0.375,0.41,0.268,0.333,0.0,0.0
125,201577.0,7.5,45.0,6.800000000000001,0.4,0.9,0.665,0.616,0.395,0.352,0.423,0.423,0.352,0.294,0.167,0.0
126,203503.0,12.6,10.299999999999999,6.1,0.3,1.25,0.661,0.612,0.442,0.438,0.421,0.396,0.362,0.381,0.0,0.0
127,1629027.0,19.8,3.5999999999999996,2.9000000000000004,0.9,0.8,1.0,0.627,0.538,0.4,0.5,0.333,0.235,0.0,0.0,0.0
128,202684.0,15.0,51.5,3.2,1.2,0.79,1.0,0.75,0.0,0.0,0.0,0.4,0.0,,,0.0
129,1628972.0,27.900000000000002,4.5,3.9,0.5,1.31,0.683,0.628,0.45,0.434,0.434,0.363,0.366,0.167,0.4,0.053
130,1626161.0,24.9,46.9,6.7,0.7,0.68,0.5,0.647,0.667,0.2,0.0,0.286,0.3,,,0.0
131,203932.0,16.2,18.3,8.799999999999999,0.6,0.79,0.5,0.599,0.407,0.35,0.447,0.38,0.395,0.333,0.0,0.0
132,1628988.0,22.8,9.0,8.6,0.4,0.67,0.639,0.6,0.405,0.439,0.419,0.393,0.331,0.167,0.25,0.333
133,202692.0,21.8,9.9,7.199999999999999,0.3,0.8,0.714,0.624,0.6,0.455,0.214,0.321,0.343,0.333,0.0,0.0
134,1628978.0,33.1,10.9,13.200000000000001,0.2,0.73,0.596,0.598,0.409,0.428,0.399,0.333,0.349,0.467,0.5,0.0
135,1628373.0,28.1,15.0,6.2,0.4,0.89,0.649,0.624,0.369,0.45,0.478,0.361,0.347,0.333,0.167,0.0
136,1628382.0,11.4,10.0,3.3000000000000003,0.6,0.9,0.609,0.75,0.176,0.286,0.5,0.559,0.313,0.0,0.0,0.0
137,203086.0,8.3,18.8,7.7,0.7,0.97,0.61,0.537,0.392,0.336,0.42,0.345,0.348,0.333,0.0,0.0
138,1629016.0,22.6,27.900000000000002,4.7,0.4,1.14,0.605,0.604,0.388,0.422,0.397,0.36,0.326,0.632,0.2,0.0
139,203500.0,21.0,44.4,9.6,0.7,1.21,0.74,0.589,0.362,0.398,0.427,0.325,0.332,0.419,0.333,0.0
140,1713.0,18.4,27.200000000000003,3.6999999999999997,0.4,1.26,0.75,0.615,0.302,0.386,0.378,0.291,0.411,0.75,0.0,0.0
141,1629629.0,25.6,15.7,4.5,0.5,1.38,0.544,0.619,0.336,0.448,0.449,0.422,0.373,0.304,0.0,0.0
142,1628464.0,13.4,43.3,10.5,1.0,1.2,0.569,0.672,0.385,0.296,0.333,0.382,0.399,0.0,0.0,0.0
143,1627863.0,20.5,15.299999999999999,9.1,0.8,0.94,0.722,0.645,0.395,0.336,0.351,0.342,0.355,0.3,0.0,0.111
144,203967.0,15.9,12.9,5.0,0.8,0.8,0.5,0.5,0.0,0.0,1.0,0.714,0.333,0.0,,0.0
145,202066.0,22.5,18.0,9.8,0.2,1.46,0.702,0.658,0.371,0.463,0.373,0.33,0.327,0.2,0.0,0.143
146,1627777.0,15.1,7.3999999999999995,4.6,0.0,0.0,0.637,0.627,0.428,0.408,0.421,0.403,0.324,0.385,0.4,0.0
147,203507.0,20.7,25.0,19.5,0.5,0.6,0.59,0.595,0.447,0.442,0.351,0.356,0.32,0.778,0.0,0.0
148,1629067.0,19.400000000000002,19.5,6.7,0.0,0.0,0.609,0.587,0.271,0.354,0.409,0.382,0.363,0.5,0.0,0.0
149,1629630.0,18.8,7.9,9.700000000000001,0.5,0.96,0.675,0.613,0.421,0.39,0.436,0.38,0.343,0.0,0.0,0.0
150,203109.0,23.3,11.700000000000001,6.1,0.3,0.92,0.695,0.655,0.418,0.42,0.368,0.368,0.443,0.333,0.0,0.0
151,201952.0,18.6,12.0,3.8,0.6,1.4,0.68,0.593,0.411,0.508,0.408,0.373,0.321,0.375,1.0,0.0
152,1629673.0,15.7,9.9,5.8999999999999995,0.0,0.0,0.654,0.612,0.422,0.432,0.341,0.411,0.379,0.2,1.0,0.0
153,1628404.0,23.200000000000003,14.499999999999998,6.1,0.8,1.14,0.8,0.619,0.397,0.351,0.408,0.378,0.368,0.0,0.0,0.0
154,203482.0,21.8,19.7,5.7,0.4,1.0,0.661,0.598,0.398,0.453,0.416,0.394,0.338,0.4,0.0,0.0
155,203937.0,25.7,23.9,7.7,0.2,0.91,0.63,0.634,0.429,0.392,0.427,0.391,0.288,0.273,0.0,0.111
156,203524.0,22.3,9.700000000000001,4.6,0.4,0.86,0.632,0.515,0.404,0.399,0.42,0.385,0.341,0.429,0.0,0.0
157,203115.0,18.2,15.9,11.5,0.6,0.9,0.692,0.649,0.372,0.364,0.44,0.38,0.341,0.5,0.0,0.0
158,1629634.0,15.299999999999999,31.2,7.5,0.5,1.27,0.0,0.429,0.5,0.75,0.667,0.2,0.4,,,0.0
159,1627742.0,18.5,16.6,7.6,0.8,1.0,0.654,0.651,0.354,0.372,0.417,0.445,0.381,0.5,0.667,0.091
160,1628449.0,16.7,52.6,5.8999999999999995,0.4,1.19,0.551,0.547,0.455,0.354,0.434,0.391,0.384,0.25,0.0,0.0
161,201568.0,14.399999999999999,3.1,6.6000000000000005,0.7,1.06,0.733,0.616,0.407,0.428,0.481,0.418,0.377,0.2,0.0,0.0
162,203476.0,26.0,39.300000000000004,8.0,0.6,1.0,0.676,0.57,0.349,0.471,0.55,0.31,0.311,0.0,0.0,0.0
163,203114.0,18.099999999999998,3.1,15.9,0.3,1.23,0.683,0.602,0.453,0.459,0.313,0.402,0.347,0.5,0.0,0.0
164,2594.0,20.5,9.8,7.6,0.0,0.0,0.636,0.635,0.46,0.455,0.354,0.381,0.344,0.2,0.0,0.0
165,1628366.0,27.800000000000004,16.6,8.1,0.9,1.07,0.5,0.551,0.292,0.333,0.421,0.381,0.288,0.0,0.0,0.0
166,201158.0,9.8,0.8999999999999999,4.5,0.3,0.67,0.723,0.606,0.374,0.377,0.428,0.397,0.381,0.188,0.25,0.0
167,1629680.0,36.6,30.099999999999998,8.1,0.0,0.0,0.753,0.577,0.379,0.41,0.364,0.358,0.349,0.217,0.333,0.0
168,1629023.0,21.2,30.099999999999998,7.8,1.1,1.2,0.573,0.619,0.42,0.39,0.419,0.333,0.35,0.357,0.0,0.0
169,201937.0,29.2,6.4,9.700000000000001,0.6,0.82,1.0,0.526,0.2,0.2,0.333,0.3,0.509,0.0,0.0,0.0
170,1629004.0,19.2,3.5999999999999996,6.5,0.3,1.43,0.678,0.604,0.352,0.405,0.424,0.343,0.348,0.375,0.0,0.0
171,203076.0,22.8,47.0,12.7,0.5,0.44,0.643,0.633,0.389,0.167,0.513,0.302,0.361,0.0,0.0,0.0
172,203078.0,21.8,13.3,1.2,0.6,0.81,0.64,0.62,0.455,0.413,0.338,0.368,0.327,0.25,0.0,0.0
173,202339.0,24.2,11.600000000000001,14.7,0.0,0.0,0.693,0.652,0.386,0.398,0.373,0.332,0.338,0.0,0.5,0.0
174,203914.0,24.6,9.3,10.9,0.4,0.9,0.66,0.677,0.413,0.455,0.367,0.429,0.359,0.333,0.0,0.0
175,203210.0,16.5,19.5,8.200000000000001,0.3,1.33,0.614,0.573,0.418,0.406,0.415,0.427,0.38,0.318,0.0,0.0
176,202710.0,32.300000000000004,18.8,10.6,0.8,0.79,0.65,0.533,0.35,0.342,0.385,0.386,0.366,0.278,0.0,0.0
177,201950.0,28.599999999999998,21.5,9.5,1.2,0.66,0.709,0.618,0.447,0.473,0.459,0.367,0.345,0.143,0.0,0.0
178,202689.0,16.7,13.700000000000001,9.8,0.8,0.79,0.417,0.498,0.364,0.372,0.38,0.368,0.349,0.478,0.0,0.0
179,201567.0,13.900000000000002,18.8,3.2,0.9,1.22,0.695,0.638,0.364,0.438,0.448,0.45,0.373,0.269,0.333,0.222
180,1628374.0,14.099999999999998,18.3,10.299999999999999,1.0,0.94,0.497,0.549,0.477,0.375,0.488,0.329,0.318,0.25,0.0,0.0
181,1629022.0,21.6,10.8,4.6,0.0,0.0,0.76,0.627,0.395,0.338,0.373,0.345,0.338,0.304,0.333,0.2
182,202694.0,15.9,16.8,8.0,0.5,0.73,0.679,0.58,0.409,0.381,0.4,0.378,0.34,0.188,0.4,0.083
183,203521.0,16.3,3.2,6.0,0.0,0.0,0.57,0.584,0.349,0.432,0.418,0.358,0.329,0.25,0.0,0.0
184,203457.0,29.599999999999998,63.6,7.3999999999999995,1.1,0.73,0.589,0.616,0.374,0.379,0.379,0.327,0.319,0.273,1.0,0.0
185,1629639.0,15.299999999999999,6.800000000000001,7.5,0.2,1.18,0.792,0.62,0.432,0.383,0.443,0.42,0.355,0.333,0.0,0.0
186,203952.0,15.0,22.900000000000002,6.2,0.8,0.94,0.667,0.615,0.375,0.355,0.386,0.329,0.306,0.375,0.0,0.0
187,202687.0,7.9,45.0,4.6,0.6,0.55,0.732,0.64,0.4,0.423,0.415,0.375,0.366,0.217,0.5,0.063
188,1628981.0,17.1,31.5,4.2,0.5,0.75,0.724,0.733,0.373,0.524,0.453,0.373,0.358,0.0,0.0,0.0
189,1628422.0,18.099999999999998,5.3,5.800000000000001,0.3,0.77,0.528,0.555,0.401,0.368,0.386,0.425,0.379,0.167,0.0,0.0
190,201599.0,11.799999999999999,50.0,8.6,0.3,0.33,0.25,0.455,0.0,0.5,0.0,0.0,0.2,0.0,,0.0
191,201565.0,18.8,11.899999999999999,5.2,0.2,1.09,0.545,0.638,0.413,0.419,0.38,0.481,0.349,0.222,0.0,0.25
192,1629059.0,20.9,6.9,3.8,0.0,0.0,0.5,0.558,1.0,0.667,1.0,0.563,0.353,0.0,,0.0
193,1626144.0,22.6,11.5,5.5,0.4,0.75,0.778,0.576,0.231,0.405,0.5,0.275,0.375,0.0,0.0,0.0
194,1627832.0,28.9,8.9,15.2,0.4,0.65,0.652,0.62,0.404,0.465,0.457,0.401,0.35,0.308,0.0,0.0
195,1627750.0,22.5,10.8,10.5,0.6,0.92,0.691,0.654,0.356,0.367,0.367,0.322,0.297,0.0,0.0,0.0
196,1629010.0,18.099999999999998,19.1,6.1,0.0,0.0,1.0,0.778,0.0,0.0,0.0,0.5,0.2,,0.0,0.0
197,1628989.0,19.5,14.099999999999998,4.8,0.2,0.7,0.778,0.661,0.467,0.479,0.456,0.417,0.385,0.167,0.0,0.5
198,1626204.0,24.6,19.8,6.3,0.4,1.15,0.689,0.635,0.411,0.44,0.406,0.422,0.355,0.346,0.0,0.0
199,1626167.0,16.400000000000002,57.4,10.4,1.0,0.74,0.465,0.588,0.311,0.414,0.411,0.38,0.352,0.316,0.0,0.0
200,202335.0,6.4,5.3,5.5,0.5,0.74,0.8,0.648,0.429,0.41,0.381,0.401,0.351,0.333,0.0,0.5
201,1629628.0,19.3,11.0,3.9,0.6,1.12,0.0,,,,0.0,,,0.0,,
202,201566.0,23.200000000000003,9.3,12.7,0.6,1.12,0.714,0.619,0.402,0.419,0.422,0.414,0.334,0.5,0.0,0.091
203,1626203.0,16.3,5.6000000000000005,4.3999999999999995,0.4,0.62,0.5,0.525,0.545,0.636,0.0,0.394,0.435,0.4,,0.0
204,202722.0,15.4,23.1,4.3,0.8,0.79,0.723,0.582,0.433,0.425,0.399,0.381,0.335,0.083,0.25,0.0
205,1628402.0,15.299999999999999,5.1,2.3,0.0,0.0,0.568,0.614,0.44,0.5,0.392,0.356,0.358,0.125,0.0,0.0
206,201588.0,24.7,3.5999999999999996,10.6,0.0,0.0,0.629,0.608,0.416,0.376,0.352,0.322,0.337,0.294,0.0,0.0
207,1627759.0,20.1,9.6,12.0,1.0,1.04,0.503,0.561,0.387,0.416,0.38,0.431,0.336,0.444,0.0,0.0
208,203087.0,28.799999999999997,15.7,7.3999999999999995,0.3,0.8,0.678,0.636,0.486,0.466,0.479,0.42,0.361,0.286,1.0,0.0
209,1628398.0,10.6,12.4,10.2,0.8,0.68,0.636,0.623,0.389,0.519,0.426,0.432,0.379,0.091,0.333,0.0
210,1629029.0,23.799999999999997,7.199999999999999,7.3999999999999995,0.9,1.13,0.68,0.621,0.412,0.407,0.395,0.397,0.349,0.25,0.25,0.111
211,1627736.0,18.5,7.1,4.6,0.0,0.0,0.626,0.605,0.465,0.5,0.483,0.402,0.374,1.0,0.0,0.0
212,202693.0,16.6,14.899999999999999,5.3,0.3,0.5,0.5,0.577,0.398,0.419,0.5,0.441,0.317,0.75,0.5,0.167
213,202696.0,15.8,27.0,9.2,0.8,0.86,0.513,0.563,0.427,0.362,0.456,0.431,0.385,0.143,0.0,0.0
214,1627783.0,15.1,26.5,16.400000000000002,0.5,0.73,0.714,0.597,0.385,0.441,0.422,0.338,0.325,0.375,0.0,0.0
215,203526.0,21.099999999999998,7.9,6.6000000000000005,0.0,0.0,0.0,0.625,0.0,0.333,0.75,0.4,0.304,,0.0,0.0
216,201586.0,10.4,32.4,10.7,0.4,0.68,0.667,0.588,0.4,0.656,0.543,0.319,0.328,0.0,0.5,0.0
217,203992.0,24.0,10.2,6.800000000000001,0.3,0.57,0.0,0.667,0.0,,,0.6,0.0,0.0,,
218,1627761.0,31.3,20.200000000000003,5.3,0.4,0.89,0.787,0.651,0.371,0.406,0.348,0.335,0.348,0.0,0.5,0.0
219,1629018.0,25.900000000000002,10.100000000000001,3.4000000000000004,0.0,0.0,0.735,0.655,0.395,0.463,0.404,0.388,0.345,0.3,0.0,0.0
220,201609.0,15.5,6.0,8.9,0.0,0.0,0.712,0.623,0.365,0.353,0.377,0.367,0.348,0.25,0.0,0.0
221,200768.0,20.8,12.7,15.9,0.5,0.82,0.571,0.675,0.389,0.549,0.452,0.336,0.356,0.4,0.0,0.25
222,203935.0,27.700000000000003,13.3,13.600000000000001,1.3,0.76,0.465,0.532,0.433,0.548,0.476,0.424,0.261,0.5,0.0,0.5
223,203486.0,20.0,32.800000000000004,5.4,0.7,1.07,0.0,0.75,0.0,0.0,1.0,0.667,0.75,,,0.0
224,1629740.0,21.8,23.5,4.3999999999999995,0.3,0.86,0.549,0.591,0.419,0.416,0.41,0.412,0.359,0.286,0.5,0.0
225,203585.0,22.0,9.4,5.7,0.0,0.0,0.429,0.686,0.0,0.2,0.5,0.5,0.5,0.0,0.0,0.0
226,1626178.0,22.5,18.099999999999998,8.1,0.3,0.46,0.5,0.644,0.571,0.214,0.214,0.556,0.385,0.0,,0.0
227,2772.0,30.099999999999998,9.0,7.8,0.0,0.0,0.517,0.58,0.414,0.446,0.444,0.369,0.357,0.2,0.0,0.0
228,201229.0,14.2,12.6,3.4000000000000004,0.9,0.69,0.652,0.624,0.412,0.452,0.452,0.397,0.351,0.364,0.0,0.167
229,1629661.0,19.3,19.6,7.000000000000001,0.4,0.73,0.833,0.676,0.2,0.2,0.25,0.429,0.25,0.0,,0.0
230,202734.0,20.0,10.6,4.6,0.3,0.62,0.625,0.597,0.367,0.347,0.381,0.336,0.368,0.0,1.0,0.333
231,,,,,0.8,0.75,0.561,0.597,0.445,0.368,0.383,0.419,0.336,0.5,0.0,0.0
232,1629048.0,13.900000000000002,63.800000000000004,4.1000000000000005,0.0,0.0,0.651,0.616,0.38,0.395,0.419,0.386,0.327,0.316,0.5,0.0
233,202695.0,36.3,18.5,13.200000000000001,0.4,1.07,0.6,0.632,0.222,0.444,0.294,0.3,0.385,0.0,0.0,0.0
234,1629645.0,22.900000000000002,15.4,3.9,0.3,1.0,0.762,0.642,0.462,0.414,0.278,0.27,0.256,0.0,0.0,0.0
235,204001.0,16.900000000000002,56.10000000000001,9.1,0.9,0.97,0.621,0.589,0.391,0.389,0.422,0.384,0.327,0.16,0.333,0.0
236,101107.0,23.400000000000002,27.3,4.9,0.5,0.86,0.578,0.659,0.391,0.421,0.371,0.372,0.357,0.286,0.0,0.0
237,1628470.0,15.2,35.0,3.0,0.3,1.18,0.75,0.63,0.404,0.392,0.442,0.395,0.363,0.222,0.25,0.143
238,1627812.0,22.2,9.1,4.3999999999999995,0.0,0.0,0.608,0.631,0.399,0.411,0.402,0.37,0.361,0.364,0.333,0.0
239,1629001.0,35.3,14.2,8.1,0.3,0.82,0.875,0.806,0.267,0.143,0.389,0.6,0.296,0.0,1.0,0.0
240,203110.0,28.4,26.400000000000002,7.199999999999999,0.6,0.88,0.722,0.597,0.456,0.354,0.375,0.331,0.379,0.5,0.0,0.0
241,1629750.0,28.599999999999998,12.7,3.8,0.0,0.0,1.0,0.765,0.625,0.333,0.5,0.375,0.3,,,0.0
242,1626196.0,19.400000000000002,17.599999999999998,11.700000000000001,0.0,0.0,0.857,0.787,0.385,0.143,0.333,0.333,0.368,0.0,,0.0
243,1627763.0,14.000000000000002,5.5,11.799999999999999,0.5,0.76,0.658,0.625,0.437,0.357,0.346,0.344,0.366,0.278,0.0,0.0
244,1629638.0,22.1,14.499999999999998,2.0,0.0,0.0,0.644,0.598,0.388,0.411,0.434,0.407,0.348,0.143,0.25,0.0
245,1628390.0,14.299999999999999,13.8,5.3,0.8,0.88,0.673,0.65,0.382,0.332,0.375,0.376,0.335,0.308,0.333,0.0
246,1628396.0,20.0,60.0,3.3000000000000003,0.4,1.0,0.75,0.611,0.5,0.222,0.4,0.25,0.308,0.0,0.0,0.0
247,1628411.0,15.8,13.4,7.7,0.0,0.0,0.667,0.571,0.333,0.571,0.375,0.375,0.2,,,0.0
248,203458.0,15.6,42.1,6.0,0.8,1.16,0.702,0.603,0.396,0.445,0.443,0.362,0.353,0.5,0.5,0.0
249,2546.0,20.1,11.1,5.5,0.6,0.77,0.75,0.616,0.366,0.45,0.436,0.341,0.336,0.389,0.0,0.0
250,1627884.0,27.400000000000002,29.5,5.800000000000001,0.4,1.0,0.601,0.603,0.362,0.365,0.421,0.387,0.343,0.375,0.0,0.0
251,203939.0,24.099999999999998,22.400000000000002,8.9,1.9,1.07,0.57,0.628,0.353,0.475,0.401,0.383,0.353,0.333,0.0,0.0
252,202738.0,10.2,7.7,-1.0,0.8,0.67,0.529,0.575,0.451,0.492,0.408,0.399,0.352,0.25,0.0,0.0
253,1628975.0,27.500000000000004,21.5,6.5,0.0,0.0,0.308,0.533,0.32,0.429,0.478,0.415,0.344,0.0,0.0,0.0
254,1629065.0,25.4,11.4,7.000000000000001,0.4,0.81,0.667,0.708,0.4,0.5,0.111,0.333,0.455,1.0,0.0,0.0
255,201976.0,24.099999999999998,17.599999999999998,11.4,0.8,0.79,0.6,0.703,0.385,0.36,0.429,0.405,0.283,0.0,0.0,0.0
256,203894.0,26.3,8.7,7.000000000000001,0.8,0.85,0.667,0.6,0.0,0.0,0.0,0.667,0.3,0.0,,0.0
257,1627846.0,17.7,19.6,6.5,0.3,0.83,0.549,0.59,0.387,0.404,0.41,0.388,0.346,0.091,0.0,0.0
258,202340.0,20.1,3.0,10.8,0.7,0.96,0.51,0.604,0.4,0.42,0.451,0.408,0.373,0.0,0.0,0.0
259,203991.0,15.4,49.0,11.1,1.9,0.96,0.6,0.613,0.444,0.31,0.561,0.367,0.343,0.0,0.0,0.0
260,201571.0,14.499999999999998,0.6,10.4,0.4,0.5,1.0,0.739,0.556,0.6,0.286,0.333,0.368,0.0,,0.0
261,1627814.0,20.1,4.3,7.9,0.5,1.2,0.64,0.61,0.445,0.481,0.435,0.388,0.368,0.194,0.143,0.0
262,1628407.0,22.5,3.9,5.2,0.0,0.0,0.694,0.671,0.346,0.517,0.538,0.365,0.381,0.25,0.0,0.0
263,203954.0,18.8,40.1,15.0,0.5,0.94,0.697,0.667,0.493,0.445,0.425,0.465,0.311,0.143,0.0,0.0
264,1628966.0,17.299999999999997,24.2,4.2,0.3,0.5,0.737,0.654,0.387,0.395,0.44,0.419,0.367,0.48,0.667,0.1
265,1626209.0,27.1,9.1,2.3,0.4,0.47,0.0,0.556,0.333,0.0,0.8,0.333,0.0,0.0,0.0,0.0
266,1629008.0,18.2,29.799999999999997,3.2,0.3,0.9,0.642,0.604,0.392,0.39,0.42,0.387,0.35,0.308,0.0,0.063
267,1629642.0,17.8,20.599999999999998,2.1999999999999997,0.3,1.42,0.69,0.559,0.354,0.311,0.444,0.397,0.358,0.333,0.0,0.0
268,203584.0,11.799999999999999,4.9,5.4,0.0,0.0,1.0,0.65,0.167,0.429,0.286,0.308,0.3,,0.0,0.0
269,1627767.0,12.8,32.4,3.3000000000000003,0.4,0.94,0.676,0.639,0.38,0.432,0.498,0.376,0.358,0.267,0.0,0.0
270,203920.0,12.7,23.7,5.3,0.6,0.87,1.0,0.7,0.286,0.333,0.0,0.182,0.462,,,0.0
271,1629013.0,10.9,7.1,8.6,0.5,0.65,0.667,0.611,0.397,0.377,0.414,0.351,0.357,0.5,0.0,0.0
272,1626181.0,20.7,13.900000000000002,12.2,0.0,0.0,0.651,0.599,0.399,0.395,0.428,0.402,0.335,0.214,0.0,0.111
273,200765.0,23.7,1.6,7.000000000000001,0.3,0.7,0.615,0.691,0.327,0.341,0.385,0.415,0.379,0.625,0.0,0.0
274,200757.0,29.599999999999998,29.299999999999997,3.9,0.3,0.8,0.707,0.663,0.387,0.483,0.494,0.365,0.356,0.5,0.0,0.0
275,1628035.0,25.3,18.2,2.6,0.3,0.75,0.671,0.612,0.388,0.412,0.364,0.394,0.382,0.176,1.0,0.0
276,1629735.0,16.1,56.8,2.1999999999999997,0.0,0.0,0.538,0.662,0.4,0.211,0.4,0.344,0.35,0.0,,0.0
277,1628998.0,27.900000000000002,12.3,6.3,0.0,0.0,0.608,0.598,0.417,0.376,0.402,0.334,0.341,0.273,0.5,0.0
278,203473.0,19.8,47.099999999999994,5.4,0.7,0.87,0.658,0.656,0.402,0.439,0.448,0.381,0.36,0.375,0.0,0.125
279,202330.0,12.5,11.1,13.5,0.5,1.26,0.727,0.647,0.35,0.455,0.37,0.329,0.322,0.5,0.0,0.0
280,1627823.0,13.600000000000001,11.4,4.1000000000000005,0.0,0.0,0.75,0.75,0.333,0.667,0.5,0.4,0.273,1.0,,0.0
281,203488.0,10.7,22.6,4.9,0.4,1.2,1.0,0.667,0.25,0.143,0.6,0.333,0.348,0.0,0.0,0.0
282,1626158.0,20.5,48.699999999999996,7.6,1.3,1.0,1.0,0.731,0.625,0.0,0.2,0.667,0.474,0.0,,0.0
283,1628425.0,23.599999999999998,8.4,7.5,0.0,0.0,0.548,0.67,0.412,0.259,0.326,0.366,0.282,0.333,0.0,0.0
284,1628976.0,12.9,39.1,11.700000000000001,1.3,1.02,0.667,0.684,0.311,0.5,0.387,0.465,0.447,0.0,0.0,0.0
285,203459.0,15.2,5.5,3.3000000000000003,0.0,0.0,0.632,0.609,0.346,0.367,0.286,0.355,0.319,0.0,0.0,0.0
286,1628368.0,28.499999999999996,18.9,4.0,0.4,0.57,0.0,0.722,0.0,0.0,0.0,0.3,0.438,,0.0,0.0
287,202324.0,15.5,35.699999999999996,7.8,1.4,1.02,0.667,0.71,0.286,0.474,0.222,0.464,0.446,0.0,0.0,0.0
288,203901.0,33.2,14.399999999999999,5.4,0.7,0.92,0.521,0.628,0.412,0.38,0.495,0.414,0.41,0.333,0.333,0.5
289,201162.0,23.400000000000002,7.5,4.8,0.0,0.0,0.7,0.625,0.372,0.384,0.364,0.35,0.339,0.409,0.0,0.0
290,1626156.0,18.5,9.0,4.3,0.4,1.39,0.621,0.63,0.386,0.32,0.495,0.403,0.318,0.0,0.0,0.0
291,1629058.0,21.099999999999998,2.0,5.1,0.0,0.0,0.646,0.601,0.33,0.444,0.426,0.341,0.311,0.0,0.0,0.0
292,1626157.0,16.7,34.1,3.4000000000000004,1.3,0.91,0.622,0.608,0.474,0.378,0.364,0.326,0.343,0.0,0.0,0.0
293,1629026.0,21.099999999999998,24.7,6.5,1.1,0.92,0.649,0.643,0.386,0.401,0.342,0.375,0.341,0.273,0.5,0.0
294,1628436.0,10.100000000000001,60.5,5.4,0.7,1.04,0.649,0.63,0.448,0.423,0.389,0.392,0.353,0.2,0.0,0.0
295,201188.0,14.799999999999999,32.2,15.5,0.6,0.65,0.665,0.584,0.433,0.365,0.421,0.411,0.356,0.154,0.0,0.0
296,200794.0,19.1,30.599999999999998,10.299999999999999,0.5,0.74,0.736,0.657,0.383,0.358,0.397,0.359,0.354,0.471,0.2,0.0
297,202331.0,29.099999999999998,13.5,10.9,0.0,0.0,0.657,0.586,0.435,0.336,0.402,0.411,0.354,1.0,0.0,0.0
298,1626188.0,14.499999999999998,2.9000000000000004,5.7,0.0,0.0,0.579,0.572,0.382,0.422,0.411,0.375,0.318,0.286,0.0,0.063
299,1629611.0,19.0,14.7,4.3,0.0,0.0,0.747,0.581,0.424,0.394,0.419,0.419,0.322,0.316,0.25,0.0
300,203382.0,7.8,36.5,4.7,0.7,0.86,0.545,0.567,0.444,0.375,0.0,0.412,0.481,0.0,0.0,0.0
301,1629035.0,23.5,8.7,5.4,0.0,0.0,0.68,0.629,0.375,0.455,0.425,0.4,0.358,0.455,0.0,0.0
302,1629655.0,10.4,70.0,6.1,0.6,1.0,0.66,0.635,0.394,0.404,0.429,0.381,0.354,0.077,0.0,0.0
303,101133.0,21.4,50.0,3.0,0.7,1.08,0.717,0.663,0.431,0.43,0.441,0.365,0.389,0.406,0.25,0.0
304,1629741.0,13.600000000000001,15.7,3.9,0.0,0.0,0.721,0.628,0.389,0.443,0.41,0.389,0.399,0.323,0.0,0.0
305,1627885.0,28.1,35.8,6.5,0.0,0.0,0.595,0.665,0.306,0.391,0.444,0.357,0.438,0.222,0.0,0.0
306,1627746.0,10.8,43.7,6.3,0.5,1.13,0.586,0.637,0.399,0.361,0.463,0.476,0.351,0.182,0.0,0.0
307,203957.0,21.7,18.2,4.9,0.0,0.0,0.699,0.515,0.384,0.372,0.422,0.37,0.369,0.333,0.0,0.0
308,1626163.0,10.9,18.5,5.8999999999999995,1.0,0.84,0.667,0.66,0.333,0.3,0.3,0.583,0.375,0.0,0.0,0.0
309,1628977.0,31.6,9.2,10.0,0.5,0.93,0.857,0.857,0.333,0.0,0.0,0.167,0.364,,,0.0
310,203953.0,25.6,19.0,2.6,1.1,0.71,0.699,0.61,0.376,0.44,0.412,0.403,0.345,0.235,0.0,0.0
311,203089.0,25.5,67.7,6.5,0.0,0.0,0.516,0.584,0.353,0.464,0.404,0.369,0.356,0.688,0.2,0.0
312,1628371.0,28.499999999999996,58.599999999999994,11.200000000000001,0.8,1.32,0.675,0.637,0.352,0.416,0.429,0.458,0.334,0.435,0.5,0.111
313,203487.0,32.9,18.6,5.8999999999999995,0.0,0.0,1.0,0.778,0.0,1.0,0.5,0.286,0.4,,,0.0
314,201144.0,21.099999999999998,4.3,9.700000000000001,0.4,1.0,0.65,0.579,0.375,0.387,0.421,0.359,0.356,0.0,0.25,0.167
315,1629066.0,24.8,8.9,6.5,0.3,1.2,0.5,0.538,0.5,1.0,0.0,1.0,0.0,,,0.0
316,203895.0,15.7,20.5,3.4000000000000004,0.6,1.19,0.638,0.535,0.357,0.373,0.483,0.415,0.327,0.364,0.0,0.0
317,1629713.0,16.7,37.5,3.8,0.0,0.0,0.606,0.594,0.382,0.352,0.397,0.391,0.336,0.4,0.333,0.111
318,1627775.0,24.4,4.8,9.700000000000001,0.4,1.5,0.656,0.594,0.399,0.433,0.382,0.366,0.319,0.381,0.333,0.0
319,204020.0,15.5,13.600000000000001,5.2,0.0,0.0,0.614,0.68,0.469,0.483,0.357,0.338,0.321,1.0,0.0,0.0
320,1628372.0,38.4,14.299999999999999,2.8000000000000003,0.4,1.46,0.711,0.614,0.469,0.496,0.46,0.389,0.343,1.0,0.0,0.0
321,1627756.0,27.700000000000003,11.1,5.6000000000000005,0.4,1.09,0.594,0.646,0.372,0.445,0.448,0.425,0.358,0.25,0.5,0.0
322,1629126.0,15.2,27.800000000000004,4.2,0.0,0.0,0.875,0.82,0.3,0.412,0.5,0.481,0.5,0.0,1.0,0.0
323,1629109.0,7.1,33.800000000000004,4.0,0.0,0.0,0.682,0.612,0.387,0.394,0.361,0.356,0.354,0.25,0.0,0.0
324,1628960.0,9.5,3.1,4.3999999999999995,0.0,0.0,0.7,0.631,0.39,0.464,0.393,0.425,0.356,0.25,0.0,0.0
325,201145.0,16.3,19.6,5.6000000000000005,0.6,0.71,0.642,0.657,0.402,0.392,0.355,0.401,0.372,0.241,0.364,0.0
326,1628381.0,15.0,43.1,6.7,0.9,1.0,0.667,0.627,0.393,0.394,0.438,0.41,0.313,0.313,0.0,0.0
327,203943.0,17.2,13.0,5.0,0.4,0.67,0.646,0.583,0.403,0.414,0.394,0.4,0.317,0.409,0.333,0.0
328,1629060.0,15.9,7.1,1.7999999999999998,0.7,1.09,0.605,0.592,0.462,0.379,0.426,0.404,0.351,0.125,0.0,0.0
329,1629635.0,15.9,12.5,2.4,0.4,1.17,0.624,0.597,0.375,0.419,0.448,0.391,0.337,0.211,0.0,0.0
330,1628418.0,15.2,44.1,2.0,1.3,0.95,0.798,0.604,0.425,0.393,0.38,0.369,0.331,0.269,0.0,0.0
331,1626246.0,17.4,37.0,2.4,0.0,0.0,0.6,0.526,0.25,0.429,0.286,0.333,0.444,0.0,0.0,0.0
332,1627747.0,29.299999999999997,9.1,8.200000000000001,0.0,0.0,1.0,0.923,0.667,0.429,0.0,0.0,0.294,0.0,,0.0
333,1628990.0,26.700000000000003,18.4,5.800000000000001,0.5,1.21,0.63,0.627,0.417,0.409,0.476,0.35,0.33,0.286,1.0,0.0
334,1629598.0,21.4,24.0,3.0,0.0,0.0,0.676,0.611,0.397,0.451,0.425,0.388,0.324,0.667,0.5,0.0
335,201569.0,13.900000000000002,11.799999999999999,7.199999999999999,0.8,0.74,0.625,0.583,0.333,0.5,0.333,0.333,0.308,0.0,,0.0
336,1628385.0,18.3,43.9,1.7000000000000002,0.9,1.38,0.714,0.63,0.355,0.463,0.442,0.406,0.335,0.357,0.0,0.0
337,1628980.0,14.499999999999998,31.6,3.6999999999999997,0.5,0.92,0.647,0.642,0.409,0.478,0.392,0.433,0.346,0.25,0.0,0.0
338,1628379.0,10.299999999999999,6.1,7.3,0.0,0.0,0.711,0.589,0.429,0.394,0.359,0.323,0.356,0.286,0.0,0.0
339,1629033.0,28.299999999999997,11.799999999999999,6.5,0.0,0.0,0.545,0.589,0.385,0.458,0.412,0.268,0.314,0.0,0.0,0.0
340,1627789.0,15.0,9.700000000000001,7.7,0.0,0.0,0.689,0.65,0.365,0.396,0.504,0.371,0.369,0.429,0.0,0.0
341,201961.0,16.7,5.7,6.1,0.0,0.0,0.773,0.62,0.421,0.523,0.433,0.355,0.349,0.125,0.0,0.0
342,1626143.0,13.700000000000001,46.800000000000004,1.4000000000000001,0.9,0.96,0.0,1.0,0.0,0.0,0.0,1.0,0.0,,,
343,1628395.0,7.1,27.800000000000004,2.5,0.0,0.0,0.576,0.568,0.383,0.406,0.37,0.368,0.312,0.231,0.0,0.0
344,204025.0,21.5,13.3,4.5,0.0,0.0,0.791,0.631,0.39,0.443,0.406,0.369,0.375,0.0,0.0,0.0
345,1629678.0,14.499999999999998,10.5,2.9000000000000004,0.5,1.17,0.701,0.603,0.358,0.434,0.396,0.411,0.369,0.211,0.0,0.0
346,1629164.0,17.599999999999998,8.3,4.0,0.0,0.0,0.685,0.59,0.41,0.397,0.422,0.384,0.329,0.308,0.0,0.063
347,1628391.0,7.3,13.5,4.1000000000000005,0.0,0.0,1.0,0.632,0.0,0.667,0.667,0.6,0.304,0.0,,0.0
348,1629021.0,20.7,33.300000000000004,4.2,0.9,0.68,0.597,0.565,0.413,0.432,0.387,0.382,0.389,0.294,0.0,0.0
349,2199.0,14.6,57.099999999999994,3.8,0.0,0.0,0.701,0.627,0.408,0.42,0.477,0.422,0.376,0.292,0.0,0.0
350,202334.0,23.400000000000002,40.9,2.7,0.0,0.0,0.623,0.63,0.375,0.422,0.396,0.378,0.344,0.571,0.0,0.0
351,203504.0,22.2,3.8,3.3000000000000003,0.0,0.0,0.725,0.598,0.287,0.426,0.407,0.416,0.372,0.0,0.0,0.0
352,201163.0,16.7,17.9,6.7,0.4,1.2,0.0,0.0,0.0,0.0,0.0,,0.0,0.0,,
353,1629744.0,16.400000000000002,1.7000000000000002,5.5,0.0,0.0,0.542,0.645,0.377,0.42,0.465,0.419,0.386,0.37,1.0,0.167
354,1626195.0,18.5,25.900000000000002,5.1,0.0,0.0,0.548,0.671,0.431,0.325,0.423,0.43,0.339,0.333,0.0,0.0
355,1629028.0,13.0,47.5,9.9,1.6,1.08,0.634,0.61,0.392,0.477,0.459,0.401,0.358,0.154,0.0,0.083
356,1628476.0,17.9,0.0,4.2,0.0,0.0,0.569,0.601,0.405,0.391,0.394,0.354,0.378,0.167,0.0,0.0
357,1627780.0,35.5,15.9,1.2,0.4,1.0,0.682,0.644,0.411,0.424,0.414,0.375,0.33,0.417,0.5,0.0
358,1628392.0,25.7,50.0,4.9,0.4,0.8,1.0,0.5,0.0,1.0,0.0,0.25,0.429,,,0.0
359,203998.0,23.400000000000002,51.5,3.5999999999999996,0.0,0.0,0.6,0.54,0.415,0.357,0.372,0.35,0.285,0.111,1.0,0.0
360,1629103.0,7.3,13.600000000000001,7.6,0.0,0.0,0.649,0.611,0.406,0.389,0.417,0.343,0.375,0.4,0.25,0.0
361,203124.0,13.200000000000001,60.0,2.4,0.0,0.0,0.69,0.603,0.406,0.337,0.362,0.362,0.35,0.346,0.333,0.0
362,1626259.0,21.7,12.5,2.7,0.0,0.0,0.0,0.5,0.0,0.0,,0.0,0.0,,0.0,0.0
363,201587.0,26.200000000000003,16.0,4.8,0.0,0.0,0.582,0.609,0.384,0.42,0.476,0.404,0.319,0.5,0.0,0.0
364,1629003.0,17.9,9.1,3.0,0.0,0.0,1.0,0.725,0.409,0.214,0.5,0.483,0.25,0.0,0.0,0.0
365,,,,,0.0,0.0,0.688,0.661,0.402,0.348,0.37,0.341,0.343,0.5,0.0,0.5
366,201949.0,25.0,46.400000000000006,2.9000000000000004,0.0,0.0,0.583,0.69,0.4,0.444,0.154,0.556,0.273,0.0,,0.0
367,203493.0,22.3,4.8,6.5,0.0,0.0,0.677,0.6,0.346,0.491,0.52,0.414,0.346,0.0,0.0,0.0
368,203918.0,23.599999999999998,4.8,6.4,0.7,0.93,0.765,0.714,0.619,0.36,0.727,0.333,0.313,0.0,0.0,0.0
369,1629660.0,24.6,16.7,2.5,0.0,0.0,0.703,0.546,0.471,0.474,0.296,0.253,0.34,0.0,0.0,0.167
370,1629019.0,8.1,10.8,2.8000000000000003,0.0,0.0,0.63,0.622,0.348,0.452,0.355,0.418,0.393,0.4,1.0,0.0
371,1628394.0,11.700000000000001,36.4,4.5,1.0,0.9,0.602,0.604,0.433,0.364,0.373,0.379,0.369,0.318,0.333,0.0
372,1628021.0,29.7,41.4,9.6,0.7,0.86,0.791,0.633,0.362,0.41,0.389,0.347,0.382,0.389,0.25,0.0
373,1628410.0,19.0,18.0,5.1,0.0,0.0,0.622,0.614,0.436,0.395,0.328,0.376,0.386,0.222,0.333,0.0
374,202681.0,26.700000000000003,13.3,5.6000000000000005,0.7,0.92,0.753,0.64,0.394,0.4,0.413,0.381,0.32,0.25,0.5,0.0
375,1629652.0,21.099999999999998,4.9,7.1,0.0,0.0,0.676,0.648,0.431,0.444,0.405,0.357,0.358,0.143,0.0,0.0
376,202323.0,17.0,25.8,6.1,0.0,0.0,0.538,0.57,0.383,0.421,0.331,0.411,0.374,0.231,0.0,0.0
377,1629162.0,28.299999999999997,6.7,4.6,0.0,0.0,0.545,0.614,0.667,0.5,0.333,0.5,0.405,0.0,0.0,0.0
378,1629675.0,23.200000000000003,44.0,5.5,0.0,0.0,0.514,0.575,0.355,0.43,0.455,0.386,0.319,0.222,0.0,0.0
379,1629057.0,26.200000000000003,63.6,4.0,0.0,0.0,0.639,0.608,0.385,0.408,0.386,0.378,0.366,0.571,0.333,0.0
380,202329.0,26.5,14.799999999999999,11.700000000000001,0.0,0.0,0.514,0.599,0.445,0.353,0.363,0.35,0.331,0.217,0.0,0.0
381,201933.0,10.8,14.899999999999999,5.800000000000001,0.0,0.0,0.627,0.641,0.483,0.513,0.492,0.396,0.382,0.455,0.0,0.0
382,1628403.0,6.7,31.8,1.4000000000000001,0.0,0.0,0.727,0.667,0.333,0.333,0.2,0.5,0.533,0.0,,0.0
383,203960.0,20.0,30.0,6.4,0.8,0.71,0.7,0.658,0.318,0.263,0.238,0.326,0.333,0.667,0.0,0.0
384,1629641.0,14.299999999999999,17.4,5.800000000000001,0.0,0.0,0.53,0.586,0.388,0.432,0.378,0.344,0.351,0.267,0.333,0.0
385,1629738.0,11.1,45.0,2.4,0.0,0.0,0.565,0.55,0.392,0.421,0.385,0.432,0.372,0.4,0.0,0.0
386,1629117.0,26.8,33.300000000000004,1.7000000000000002,0.0,0.0,0.8,0.438,0.143,0.667,0.6,0.154,0.261,0.0,0.0,0.0
387,202688.0,15.2,11.1,1.3,0.0,0.0,0.661,0.654,0.443,0.385,0.482,0.344,0.322,0.25,0.0,0.0
388,200826.0,8.5,5.0,4.2,0.0,0.0,0.703,0.652,0.415,0.455,0.396,0.354,0.362,0.286,0.0,0.0
389,1629052.0,19.0,5.8999999999999995,4.7,0.0,0.0,0.549,0.592,0.356,0.424,0.411,0.364,0.327,0.286,0.0,0.0
390,1629151.0,21.7,19.0,1.7000000000000002,0.0,0.0,0.472,0.584,0.273,0.4,0.444,0.361,0.357,0.0,0.0,0.0
391,1627790.0,23.3,41.699999999999996,1.7999999999999998,0.0,0.0,0.697,0.582,0.5,0.431,0.424,0.409,0.356,0.333,0.0,0.0
392,1629726.0,19.0,6.3,5.3,0.0,0.0,0.571,0.6,0.338,0.4,0.434,0.391,0.408,0.0,0.0,0.143
393,203658.0,8.6,70.5,0.5,0.0,0.0,0.62,0.6,0.371,0.417,0.438,0.428,0.341,0.25,0.0,0.0
394,1626245.0,12.7,8.3,0.0,0.7,1.18,1.0,0.536,0.273,0.286,0.25,0.429,0.333,0.0,,0.0
395,201960.0,15.7,16.7,4.8,0.0,0.0,0.645,0.638,0.366,0.425,0.361,0.363,0.351,0.333,0.667,0.0
396,1626172.0,21.4,25.0,3.1,0.0,0.0,0.613,0.63,0.399,0.461,0.486,0.4,0.367,0.158,0.0,0.0
397,,,,,0.0,0.0,0.585,0.597,0.407,0.35,0.373,0.442,0.302,0.5,0.0,0.2
398,1629185.0,28.799999999999997,9.1,8.799999999999999,0.0,0.0,0.655,0.578,0.374,0.383,0.392,0.363,0.324,0.167,0.2,0.0
399,201584.0,33.300000000000004,15.4,3.8,0.0,0.0,0.542,0.545,0.349,0.438,0.5,0.371,0.441,1.0,0.0,0.0
400,1627774.0,16.3,20.0,9.700000000000001,0.9,1.08,0.625,0.596,0.396,0.455,0.413,0.367,0.323,0.3,0.333,0.0
401,,,,,0.0,0.0,0.619,0.604,0.397,0.435,0.393,0.451,0.351,0.3,0.667,0.0
402,202704.0,14.799999999999999,8.200000000000001,8.799999999999999,0.0,0.0,0.692,0.56,0.353,0.429,0.35,0.283,0.245,0.333,1.0,0.0
403,1627820.0,22.6,6.3,5.7,0.0,0.0,0.605,0.605,0.447,0.387,0.48,0.422,0.312,0.2,0.0,0.0
404,202697.0,37.5,8.7,6.800000000000001,0.0,0.0,0.571,0.614,0.284,0.389,0.432,0.475,0.431,0.25,0.0,0.0
405,1629658.0,27.800000000000004,0.0,2.3,0.0,0.0,0.64,0.63,0.372,0.375,0.413,0.374,0.354,0.318,0.0,0.0
406,1628963.0,17.1,48.0,3.2,0.0,0.0,0.646,0.637,0.378,0.401,0.416,0.36,0.345,0.111,0.0,0.0
407,1629346.0,15.8,28.599999999999998,2.9000000000000004,0.0,0.0,0.565,0.589,0.379,0.425,0.382,0.36,0.317,0.24,0.333,0.0
408,1629662.0,15.4,66.7,2.4,0.0,0.0,0.651,0.568,0.374,0.417,0.409,0.404,0.334,0.333,0.0,0.0
409,203077.0,5.4,18.8,6.4,0.0,0.0,0.692,0.592,0.361,0.414,0.366,0.381,0.346,0.231,0.0,0.0
410,1629730.0,4.5,9.1,1.4000000000000001,0.0,0.0,0.635,0.586,0.387,0.402,0.386,0.356,0.332,0.333,0.0,0.0
411,1629140.0,3.8,36.4,2.0,0.0,0.0,0.651,0.631,0.421,0.362,0.324,0.365,0.339,0.308,0.0,0.0
412,1626159.0,11.899999999999999,13.5,18.099999999999998,0.0,0.0,0.702,0.607,0.38,0.387,0.451,0.426,0.348,0.263,0.2,0.0
413,101139.0,40.0,22.2,2.6,0.0,0.0,0.669,0.611,0.333,0.396,0.398,0.373,0.356,0.278,0.0,0.0
414,1629731.0,14.299999999999999,50.0,1.0,0.0,0.0,0.617,0.642,0.335,0.4,0.358,0.343,0.34,0.167,0.5,0.0
415,1628443.0,27.800000000000004,33.300000000000004,0.8999999999999999,0.0,0.0,0.667,0.571,0.182,0.364,0.4,0.304,0.412,0.0,0.0,0.0
416,1629663.0,22.2,0.0,3.5999999999999996,0.0,0.0,0.704,0.584,0.375,0.379,0.338,0.393,0.319,0.2,0.0,0.0
417,1629627.0,14.499999999999998,13.600000000000001,10.100000000000001,0.0,0.0,0.8,0.632,0.5,0.0,0.429,0.296,0.455,0.0,0.0,0.0
418,1629649.0,0.0,14.299999999999999,0.3,0.0,0.0,0.704,0.622,0.404,0.438,0.387,0.421,0.383,0.333,0.5,0.0
419,1629669.0,10.299999999999999,6.7,6.2,0.0,0.0,0.852,0.608,0.419,0.361,0.423,0.412,0.342,0.429,0.0,0.111
420,1629648.0,11.1,0.0,2.1999999999999997,0.0,0.0,0.734,0.604,0.52,0.355,0.312,0.348,0.324,1.0,0.0,0.0
421,1629620.0,0.0,50.0,5.7,0.0,0.0,0.9,0.635,0.571,0.4,0.517,0.512,0.361,0.0,0.0,0.0
422,203490.0,24.6,19.400000000000002,8.3,0.0,0.0,0.796,0.628,0.4,0.534,0.296,0.388,0.364,0.0,0.0,0.0
423,1629682.0,47.599999999999994,11.799999999999999,6.3,0.0,0.0,0.677,0.588,0.403,0.483,0.422,0.35,0.321,0.455,0.0,0.0
424,1629139.0,19.2,10.0,3.4000000000000004,0.0,0.0,0.556,0.635,0.396,0.485,0.391,0.372,0.36,0.273,0.0,0.333
425,1629168.0,13.600000000000001,0.0,3.5999999999999996,0.0,0.0,0.81,0.628,0.447,0.409,0.383,0.381,0.364,0.316,0.0,0.0
426,1628997.0,27.3,24.099999999999998,8.5,0.0,0.0,0.698,0.603,0.397,0.422,0.442,0.39,0.372,0.2,0.0,0.0
427,1629234.0,10.9,58.599999999999994,2.5,0.0,0.0,0.603,0.643,0.333,0.319,0.4,0.407,0.359,0.286,0.0,0.0
428,1627733.0,11.4,32.1,7.6,0.0,0.0,0.461,0.511,0.419,0.377,0.477,0.372,0.354,0.125,0.0,0.0
429,1628367.0,24.0,19.6,6.6000000000000005,0.0,0.0,0.655,0.59,0.42,0.394,0.404,0.331,0.33,0.6,0.0,0.0
430,,,,,0.0,0.0,0.702,0.587,0.369,0.417,0.389,0.366,0.373,0.143,0.0,0.0
431,203506.0,18.7,7.1,10.6,0.0,0.0,0.785,0.617,0.444,0.343,0.358,0.359,0.344,0.231,0.0,0.0
432,1629599.0,26.3,20.0,3.8,0.0,0.0,0.583,0.568,0.339,0.359,0.404,0.322,0.351,0.333,0.0,0.5
433,1629723.0,17.5,13.600000000000001,3.8,0.0,0.0,0.612,0.566,0.367,0.395,0.419,0.362,0.361,0.25,0.25,0.0
434,202718.0,30.8,14.299999999999999,1.4000000000000001,0.0,0.0,0.691,0.605,0.364,0.443,0.427,0.344,0.36,0.333,0.25,0.0
435,1629667.0,17.8,16.7,5.4,0.0,0.0,0.592,0.594,0.39,0.386,0.437,0.432,0.358,0.133,0.25,0.0
436,1628413.0,33.300000000000004,40.0,2.0,0.0,0.0,0.501,0.604,0.354,0.443,0.439,0.344,0.356,0.3,0.2,0.0
437,1629644.0,66.7,25.0,0.1,0.0,0.0,0.687,0.659,0.405,0.468,0.466,0.427,0.385,0.294,0.0,0.0
438,1629668.0,20.0,0.0,-4.2,0.0,0.0,0.711,0.648,0.361,0.4,0.4,0.368,0.352,0.25,0.0,0.0
439,1629216.0,26.3,0.0,3.9,0.0,0.0,0.0,0.727,0.5,0.0,0.0,0.167,0.4,,,0.0
440,1629665.0,0.0,0.0,3.0,0.0,0.0,0.64,0.623,0.354,0.446,0.296,0.362,0.348,0.429,0.0,0.0
441,1628778.0,20.0,12.5,5.3,0.0,0.0,0.609,0.613,0.467,0.355,0.438,0.5,0.27,0.667,0.0,0.0
442,201939.0,23.799999999999997,18.2,-4.3999999999999995,0.0,0.0,0.734,0.648,0.488,0.462,0.466,0.365,0.376,0.429,0.0,0.0
443,2738.0,20.0,36.199999999999996,6.2,0.0,0.0,0.652,0.594,0.408,0.362,0.399,0.341,0.346,0.182,0.0,0.25
444,203079.0,13.8,26.1,8.9,0.0,0.0,0.521,0.577,0.378,0.427,0.373,0.356,0.334,0.3,0.25,0.0
445,202951.0,9.1,0.0,4.0,0.0,0.0,0.731,0.612,0.39,0.38,0.413,0.397,0.326,0.6,0.333,0.0
446,1629308.0,28.9,21.7,4.5,0.0,0.0,0.747,0.634,0.391,0.399,0.478,0.411,0.36,0.188,0.0,0.0
447,1626147.0,0.0,54.50000000000001,3.9,0.0,0.0,0.67,0.627,0.416,0.441,0.463,0.326,0.355,0.227,0.0,0.0
448,1628513.0,25.0,16.7,11.3,0.0,0.0,0.811,0.654,0.443,0.489,0.437,0.38,0.348,0.0,1.0,0.0
449,1629745.0,100.0,0.0,-1.3,0.0,0.0,0.0,0.667,0.0,0.0,0.5,0.5,0.667,0.0,,
450,1628380.0,13.5,17.9,1.7999999999999998,0.0,0.0,0.732,0.614,0.381,0.289,0.412,0.369,0.288,0.75,0.0,0.0
451,1629597.0,14.299999999999999,25.0,-0.8999999999999999,0.0,0.0,0.5,0.609,0.583,0.5,0.667,0.375,0.636,0.0,,0.0
452,1629725.0,63.6,22.2,1.0,0.0,0.0,0.551,0.55,0.402,0.448,0.449,0.339,0.301,0.25,0.0,0.0
453,1627982.0,0.0,0.0,8.7,0.0,0.0,0.68,0.61,0.384,0.426,0.408,0.382,0.368,0.286,0.0,0.2
454,1629621.0,0.0,33.300000000000004,0.4,0.0,0.0,0.664,0.59,0.384,0.438,0.435,0.348,0.365,0.4,0.0,0.0
455,201583.0,100.0,0.0,3.5000000000000004,0.0,0.0,0.333,0.545,0.318,0.333,0.333,0.306,0.324,0.0,1.0,0.0
456,2617.0,0.0,0.0,4.6,0.0,0.0,0.0,0.636,0.0,0.5,0.5,0.0,0.125,,,
457,1629739.0,0.0,0.0,1.0999999999999999,0.0,0.0,0.667,0.716,0.458,0.5,0.4,0.511,0.38,0.333,0.0,0.0
