,Player ID,Scoring percentPTS2PT_MR,Scoring percentPTS3PT,Scoring percentPTSFBPs,Scoring percentPTSFT,Scoring percentPTSOffTO,Scoring percentPTSPITP,Scoring 2FGMpercentAST,Scoring 3FGMpercentAST,Scoring FGMpercentAST,Scoring DriveFGPCT,Scoring CatchShootFGPCT,Scoring PullUpFGPCT,Scoring ITPFGPCT,Scoring PostFGPCT,Scoring ElbowFGPCT,Scoring RA FGPCT,Scoring ITP(NonRA) FGPCT,Scoring MR FGPCT,Scoring LC3 FGPCT,Scoring RC3 FGPCT,Scoring ATB3 FGPCT,Scoring Backcourt3 FGPCT,Scoring Corner FGPCT
0,204038.0,7.3,58.8,16.1,11.4,14.2,22.5,73.3,100.0,88.4,40.5,33.0,28.1,65.9,45.2,48.699999999999996,67.60000000000001,35.3,25.0,37.0,27.800000000000004,31.2,0.0,33.300000000000004
1,1629014.0,15.5,38.2,11.8,12.7,13.5,33.5,35.0,68.8,46.5,44.800000000000004,43.2,35.9,50.0,0.0,75.0,54.2,34.9,34.0,43.8,45.5,38.5,0.0,44.7
2,1626171.0,13.1,31.8,6.0,10.8,14.6,44.3,52.3,98.2,64.7,51.4,37.8,40.6,80.0,0.0,62.5,67.9,36.8,37.5,36.0,52.900000000000006,34.9,0.0,42.9
3,1629632.0,6.9,48.0,20.1,11.1,20.3,34.0,28.0,78.6,50.2,57.099999999999994,37.5,0.0,25.0,0.0,0.0,50.0,0.0,0.0,25.0,50.0,42.9,0.0,37.5
4,1627827.0,1.2,51.6,15.9,11.6,16.1,35.6,56.8,96.6,76.1,0.0,34.5,37.5,50.0,80.0,100.0,50.0,42.9,66.7,54.50000000000001,33.300000000000004,25.0,0.0,45.0
5,203926.0,5.2,55.6,12.4,6.3,13.1,32.9,85.3,100.0,92.6,46.5,37.3,49.2,65.3,48.699999999999996,51.0,69.6,36.0,44.6,26.700000000000003,27.3,36.199999999999996,0.0,27.0
6,1627826.0,6.8,0.0,12.4,19.9,15.6,73.3,72.9,0.0,72.9,20.0,30.8,0.0,33.300000000000004,0.0,50.0,35.699999999999996,25.0,33.300000000000004,50.0,16.7,23.1,0.0,30.0
7,1628973.0,15.7,28.0,12.8,13.3,12.6,43.0,23.0,81.4,37.1,40.300000000000004,38.3,41.5,73.7,60.0,54.50000000000001,53.2,34.1,41.3,50.0,44.0,36.5,0.0,47.5
8,203200.0,5.3,65.9,19.1,9.0,20.9,19.8,80.7,97.0,91.1,44.4,21.4,50.0,85.7,80.0,50.0,87.5,28.599999999999998,25.0,50.0,0.0,25.0,0.0,20.0
9,1628969.0,4.5,27.7,18.9,16.4,21.8,51.4,75.8,100.0,81.8,38.3,32.6,25.0,54.50000000000001,0.0,61.5,64.2,9.4,22.6,29.4,31.8,35.0,0.0,30.8
10,203118.0,5.9,60.4,16.5,7.9,8.9,25.7,64.6,100.0,84.4,64.3,29.599999999999998,25.0,63.9,52.400000000000006,47.199999999999996,68.30000000000001,48.5,14.299999999999999,55.60000000000001,27.800000000000004,19.400000000000002,0.0,37.0
11,1628420.0,20.1,30.2,16.3,9.4,17.6,40.3,36.9,85.1,48.9,48.8,22.400000000000002,27.3,66.7,0.0,100.0,65.7,41.699999999999996,31.3,21.4,31.3,17.599999999999998,0.0,26.700000000000003
12,203999.0,14.4,18.0,2.6,16.5,11.1,51.1,51.3,85.3,56.6,14.299999999999999,37.5,0.0,62.5,0.0,50.0,53.300000000000004,20.0,0.0,0.0,66.7,33.300000000000004,0.0,40.0
13,1628983.0,9.0,19.3,11.7,21.3,18.2,50.4,27.4,59.4,33.1,38.5,34.8,23.7,83.3,0.0,75.0,75.0,28.599999999999998,40.9,33.300000000000004,47.099999999999994,27.400000000000002,0.0,40.6
14,1629056.0,0.5,54.9,17.2,8.5,16.5,36.2,38.8,91.3,65.0,61.9,39.300000000000004,48.1,33.300000000000004,0.0,0.0,62.5,28.599999999999998,68.2,0.0,75.0,34.8,0.0,42.9
15,202699.0,12.2,28.1,12.5,12.4,15.0,47.2,48.6,89.8,58.4,50.0,0.0,0.0,16.7,0.0,50.0,28.599999999999998,50.0,0.0,0.0,0.0,0.0,0.0,0.0
16,203107.0,3.5,31.3,16.1,16.6,20.9,48.5,34.0,89.8,50.0,52.6,35.699999999999996,35.699999999999996,25.0,0.0,0.0,55.60000000000001,44.4,37.5,66.7,50.0,16.7,0.0,57.099999999999994
17,203897.0,6.2,36.2,13.6,18.5,17.5,39.1,40.3,54.2,45.1,44.4,13.600000000000001,18.2,60.699999999999996,54.0,42.8,63.7,34.699999999999996,27.800000000000004,25.0,40.0,8.3,0.0,33.300000000000004
18,1628389.0,3.7,0.4,4.9,21.8,10.6,74.2,71.5,100.0,71.6,50.0,33.300000000000004,29.4,83.3,0.0,80.0,72.0,25.0,41.699999999999996,16.7,37.5,29.2,0.0,31.8
19,203463.0,0.0,73.5,12.9,8.0,12.5,18.5,86.3,96.3,93.5,25.0,25.0,0.0,42.9,0.0,100.0,41.699999999999996,0.0,0.0,0.0,0.0,33.300000000000004,0.0,0.0
20,1628971.0,1.3,19.1,13.3,17.8,19.3,61.9,39.6,100.0,49.7,48.9,34.4,32.2,62.5,51.9,60.0,67.4,37.6,33.800000000000004,43.3,17.599999999999998,33.1,0.0,34.0
21,1627854.0,13.4,62.3,17.3,9.9,14.2,14.4,69.9,91.9,83.1,40.6,33.800000000000004,34.4,76.5,0.0,33.300000000000004,55.60000000000001,30.8,42.1,41.699999999999996,23.5,33.5,0.0,34.1
22,1627741.0,13.6,56.4,15.2,8.4,16.0,21.6,40.7,70.5,56.1,100.0,71.39999999999999,0.0,63.6,43.8,55.00000000000001,60.9,47.4,57.099999999999994,0.0,0.0,0.0,0.0,0.0
23,1626224.0,4.1,51.0,14.3,7.7,13.2,37.1,53.3,89.9,69.9,46.800000000000004,35.3,36.0,70.89999999999999,45.2,59.3,73.5,40.1,34.9,53.6,26.700000000000003,30.8,0.0,44.2
24,101108.0,23.8,28.1,7.8,20.6,14.1,27.4,14.1,34.1,19.5,22.2,33.6,58.3,50.0,0.0,40.0,39.1,42.9,57.099999999999994,50.0,40.0,30.2,0.0,43.6
25,1629012.0,10.1,20.2,14.4,16.6,12.9,53.1,25.4,76.4,34.4,60.0,0.0,33.300000000000004,0.0,0.0,0.0,37.5,50.0,0.0,0.0,0.0,0.0,0.0,0.0
26,202709.0,15.7,34.8,9.3,11.3,17.1,38.3,17.2,90.0,39.1,50.0,14.299999999999999,100.0,59.199999999999996,80.0,43.3,72.89999999999999,40.5,8.3,0.0,0.0,0.0,0.0,0.0
27,203081.0,7.3,39.9,8.9,23.1,9.9,29.7,8.8,27.4,16.6,53.800000000000004,35.0,40.0,59.5,56.699999999999996,54.800000000000004,63.5,54.2,29.4,15.4,36.4,36.8,0.0,25.0
28,203471.0,18.4,31.4,9.4,15.1,17.3,35.1,35.1,85.3,49.2,45.5,35.4,36.4,66.7,0.0,75.0,57.199999999999996,32.800000000000004,37.5,62.5,25.8,32.9,0.0,44.4
29,1628984.0,6.1,58.2,11.3,16.6,15.9,19.0,29.3,53.2,43.8,46.300000000000004,37.7,44.3,57.49999999999999,0.0,36.4,61.8,47.099999999999994,44.0,44.7,25.0,37.1,0.0,36.1
30,1628415.0,14.2,39.3,16.9,14.3,12.5,32.3,53.8,88.3,66.2,0.0,25.0,21.4,100.0,0.0,0.0,40.0,0.0,16.7,0.0,100.0,33.300000000000004,0.0,33.300000000000004
31,1629130.0,0.9,84.1,9.3,5.9,12.5,9.1,82.4,95.3,93.3,56.8,41.099999999999994,29.099999999999998,65.2,45.2,56.00000000000001,70.7,44.4,22.3,0.0,25.0,20.0,0.0,12.5
32,203095.0,11.7,42.9,10.0,15.3,16.1,30.2,43.1,80.6,58.3,40.0,40.8,39.1,85.7,0.0,72.2,70.7,20.0,100.0,42.9,47.3,37.9,0.0,45.1
33,1627788.0,7.4,61.0,14.1,7.2,15.7,24.4,70.7,99.0,86.6,50.2,33.300000000000004,22.5,67.80000000000001,50.0,54.1,68.0,34.1,25.0,50.0,100.0,0.0,0.0,66.7
34,203084.0,3.6,27.2,7.0,21.7,15.6,47.5,50.5,87.3,60.1,100.0,25.0,25.0,55.2,64.3,49.0,68.4,26.3,18.2,0.0,0.0,0.0,0.0,0.0
35,1627751.0,2.7,0.0,9.6,11.6,11.3,85.6,73.6,0.0,73.6,47.099999999999994,22.7,24.3,39.1,52.2,80.0,54.900000000000006,25.0,20.0,20.0,10.0,26.400000000000002,0.0,16.0
36,203924.0,5.2,35.9,8.4,16.9,14.8,42.0,77.8,100.0,85.3,0.0,35.9,40.0,70.19999999999999,41.0,44.0,77.60000000000001,40.699999999999996,35.699999999999996,0.0,100.0,18.8,0.0,100.0
37,204060.0,3.0,59.8,11.4,10.3,17.2,26.9,35.8,63.0,51.3,54.1,36.4,43.6,47.699999999999996,47.5,63.6,60.0,47.9,38.6,52.2,25.0,34.0,0.0,41.0
38,203145.0,6.9,45.6,18.4,18.4,18.0,29.0,48.7,95.5,70.1,47.4,41.0,39.4,64.5,50.0,87.5,61.199999999999996,48.1,49.5,36.4,34.8,37.7,0.0,35.6
39,1628995.0,8.8,46.8,11.2,15.3,17.3,29.0,55.1,94.7,73.0,45.4,41.9,36.4,68.60000000000001,51.9,76.5,60.8,38.800000000000004,27.900000000000002,50.0,42.6,39.300000000000004,0.0,45.4
40,1628365.0,13.4,12.6,14.9,14.0,15.1,60.0,31.8,85.2,37.3,75.0,40.0,25.0,55.60000000000001,100.0,0.0,77.8,60.0,0.0,0.0,0.0,66.7,0.0,0.0
41,1628467.0,2.1,53.4,6.6,12.6,12.6,31.9,84.1,100.0,92.3,38.0,46.800000000000004,33.0,73.3,0.0,66.7,63.2,28.4,37.7,66.7,66.7,34.4,0.0,66.7
42,1628970.0,2.8,35.8,11.8,11.6,13.9,49.7,50.8,96.4,65.1,52.5,38.0,38.3,51.0,38.5,59.4,65.0,39.900000000000006,41.3,36.8,21.7,36.0,0.0,31.1
43,1626149.0,0.4,0.0,11.5,18.1,14.2,81.5,61.3,0.0,61.3,58.599999999999994,41.699999999999996,52.7,68.60000000000001,46.2,60.4,74.2,58.199999999999996,32.4,33.300000000000004,31.3,40.0,0.0,32.1
44,202357.0,3.0,50.1,9.0,7.8,14.7,39.1,54.3,94.6,72.1,44.6,22.0,40.400000000000006,57.099999999999994,0.0,50.0,57.4,42.1,38.9,28.599999999999998,0.0,35.3,0.0,11.799999999999999
45,0.0,1.4,36.9,19.9,7.8,26.0,53.9,67.3,94.1,75.6,47.599999999999994,40.9,38.800000000000004,65.2,41.4,56.49999999999999,62.5,37.2,43.2,45.0,41.3,37.6,0.0,43.4
46,200782.0,4.0,59.5,7.8,9.3,16.1,27.1,74.2,98.7,87.9,44.800000000000004,31.3,36.1,100.0,0.0,0.0,33.300000000000004,44.4,33.300000000000004,33.300000000000004,33.300000000000004,34.5,0.0,33.300000000000004
47,201988.0,10.1,61.6,16.3,11.2,14.8,17.1,50.0,79.2,67.6,100.0,0.0,0.0,33.300000000000004,0.0,0.0,40.0,100.0,0.0,0.0,0.0,0.0,0.0,0.0
48,1626220.0,0.6,62.3,22.0,7.5,16.0,29.6,89.6,100.0,95.6,51.800000000000004,31.900000000000002,45.6,61.7,49.5,60.9,66.9,40.6,53.300000000000004,33.300000000000004,30.599999999999998,31.0,0.0,31.900000000000002
49,201152.0,2.7,34.5,13.6,6.5,20.3,56.3,58.4,91.7,67.8,39.900000000000006,35.9,17.2,58.4,66.7,72.0,54.400000000000006,35.8,30.8,39.300000000000004,43.8,22.2,0.0,41.699999999999996
50,1626168.0,6.9,46.4,8.6,7.6,18.2,39.2,76.1,100.0,85.7,44.4,17.9,37.5,65.4,33.300000000000004,50.0,62.5,45.5,50.0,20.0,33.300000000000004,5.6000000000000005,0.0,28.599999999999998
51,1626145.0,12.3,27.3,22.2,7.5,16.6,52.9,41.0,79.4,49.4,41.699999999999996,14.7,35.699999999999996,67.0,58.3,53.300000000000004,68.5,32.300000000000004,42.9,0.0,10.0,18.2,0.0,6.7
52,1627732.0,0.9,0.7,22.9,19.7,19.0,78.7,51.0,100.0,51.3,52.7,38.800000000000004,41.5,28.599999999999998,0.0,33.300000000000004,64.4,38.6,43.9,33.300000000000004,45.5,38.800000000000004,0.0,40.5
53,202711.0,2.9,45.6,12.1,18.8,16.6,32.7,51.5,86.4,67.6,51.6,40.1,39.5,51.9,50.0,50.0,64.0,34.4,39.800000000000004,46.300000000000004,47.9,37.6,0.0,46.9
54,202954.0,6.8,24.8,26.2,25.1,20.5,43.3,42.0,89.7,53.8,49.0,45.9,42.6,47.4,0.0,72.7,55.60000000000001,43.8,48.9,57.49999999999999,52.5,34.699999999999996,0.0,55.00000000000001
55,1626174.0,3.4,20.2,10.3,23.2,15.8,53.2,71.4,90.0,75.0,37.5,31.0,25.0,33.300000000000004,0.0,0.0,46.2,16.7,20.0,0.0,40.0,32.1,0.0,28.599999999999998
56,1629647.0,3.4,37.8,10.5,13.4,18.9,45.4,63.8,96.7,75.0,29.4,60.6,15.4,63.6,100.0,100.0,40.0,33.300000000000004,22.2,50.0,60.0,53.300000000000004,0.0,57.099999999999994
57,1629636.0,15.4,44.4,9.3,9.3,14.4,30.9,26.7,71.9,44.3,100.0,37.5,0.0,60.9,57.099999999999994,69.19999999999999,72.39999999999999,50.0,25.0,0.0,0.0,0.0,0.0,0.0
58,1629631.0,12.7,40.3,12.2,13.6,12.1,33.4,56.4,94.3,70.3,39.2,34.0,33.800000000000004,48.3,0.0,30.0,52.1,33.7,35.5,32.5,31.7,33.7,0.0,32.1
59,1626153.0,2.6,26.5,12.2,15.8,17.4,55.1,27.0,79.4,39.3,48.3,39.0,32.4,59.5,0.0,50.0,66.7,12.5,38.9,41.5,39.300000000000004,38.2,0.0,40.400000000000006
60,1628378.0,14.1,30.0,5.8,15.9,7.6,39.9,21.6,58.1,31.4,47.8,44.0,45.5,50.0,0.0,0.0,58.8,36.4,33.300000000000004,0.0,50.0,56.49999999999999,0.0,40.0
61,2730.0,1.0,2.2,6.0,17.6,15.0,79.2,62.7,100.0,63.3,41.5,32.1,39.900000000000006,56.10000000000001,55.60000000000001,45.0,55.60000000000001,38.7,31.5,44.4,57.099999999999994,35.099999999999994,0.0,48.0
62,202397.0,21.4,25.2,15.2,7.5,18.4,45.9,19.8,70.8,30.0,50.0,40.2,40.400000000000006,49.3,40.6,40.9,52.0,46.2,39.900000000000006,35.699999999999996,62.9,34.300000000000004,0.0,55.1
63,1628386.0,0.3,0.0,4.8,21.8,13.8,77.8,79.5,0.0,79.5,23.799999999999997,34.1,36.4,0.0,0.0,0.0,33.300000000000004,0.0,50.0,0.0,25.0,34.300000000000004,0.0,11.1
64,203903.0,3.4,42.5,9.7,13.4,13.9,40.6,24.6,75.7,44.6,47.3,37.9,36.0,47.599999999999994,40.0,38.9,57.9,36.6,35.0,44.800000000000004,39.1,37.9,0.0,41.3
65,203944.0,8.6,16.1,6.4,19.6,15.8,55.7,37.7,92.7,45.6,44.6,32.4,33.300000000000004,50.0,0.0,45.5,58.9,31.4,14.299999999999999,35.699999999999996,42.9,23.5,0.0,38.1
66,1626162.0,6.2,31.7,17.3,18.6,21.2,43.5,55.8,95.3,67.6,0.0,28.599999999999998,0.0,100.0,0.0,0.0,33.300000000000004,0.0,0.0,0.0,50.0,25.0,0.0,50.0
67,203484.0,10.7,45.2,24.4,13.5,17.3,30.6,74.0,92.1,81.7,60.0,28.599999999999998,0.0,0.0,0.0,0.0,33.300000000000004,25.0,0.0,0.0,0.0,42.9,0.0,0.0
68,203915.0,3.2,27.5,12.1,25.5,11.3,43.7,18.0,44.1,25.3,0.0,0.0,0.0,0.0,0.0,0.0,0.0,0.0,0.0,0.0,0.0,0.0,0.0,0.0
69,204456.0,22.0,3.3,13.2,8.0,12.9,66.7,24.2,100.0,26.1,53.800000000000004,47.599999999999994,16.7,70.5,58.3,57.599999999999994,74.0,48.0,44.4,0.0,50.0,0.0,0.0,50.0
70,1627752.0,3.9,58.3,15.6,8.3,12.9,29.4,58.2,87.5,73.9,66.7,50.0,28.599999999999998,61.1,66.7,37.5,76.5,50.0,46.2,0.0,0.0,0.0,0.0,0.0
71,203082.0,15.3,50.0,9.7,15.3,12.4,19.5,59.3,87.3,73.0,26.3,32.5,12.5,59.0,20.0,59.0,61.5,34.8,40.0,14.299999999999999,27.3,34.0,0.0,22.2
72,1626179.0,7.2,43.8,13.1,15.3,19.9,33.7,30.6,81.2,51.7,45.0,50.0,21.3,50.0,0.0,0.0,44.2,46.7,18.2,40.0,100.0,34.9,0.0,62.5
73,201572.0,5.8,39.1,5.3,13.0,9.4,42.0,68.2,100.0,79.4,47.099999999999994,32.6,40.6,50.0,0.0,0.0,57.699999999999996,50.0,60.0,0.0,50.0,34.300000000000004,0.0,50.0
74,203468.0,19.2,37.9,15.4,7.9,12.4,35.0,21.3,70.7,37.0,56.599999999999994,39.0,48.0,47.099999999999994,36.8,60.0,77.3,49.8,54.0,42.9,15.4,38.3,0.0,32.4
75,201980.0,4.0,66.1,22.7,7.1,18.0,22.7,66.7,97.0,85.5,75.0,16.7,100.0,69.39999999999999,100.0,50.0,70.7,33.300000000000004,60.0,0.0,0.0,0.0,0.0,0.0
76,201942.0,22.2,2.0,9.5,24.9,12.2,50.8,27.7,87.5,28.8,52.6,42.1,33.300000000000004,69.39999999999999,48.699999999999996,62.1,77.0,34.8,43.8,30.8,40.699999999999996,39.0,0.0,37.5
77,1628401.0,7.6,27.3,14.2,22.3,8.7,42.8,37.6,75.0,47.5,60.0,100.0,0.0,63.6,58.3,50.8,69.1,35.8,25.0,0.0,0.0,0.0,0.0,0.0
78,1626164.0,16.3,22.1,15.3,25.3,16.7,36.4,43.6,61.4,47.5,41.699999999999996,36.9,31.900000000000002,50.0,0.0,100.0,49.6,37.2,33.6,31.7,46.7,35.4,0.0,35.699999999999996
79,1627734.0,11.2,4.1,3.8,18.8,14.1,66.0,65.0,100.0,66.2,41.099999999999994,20.8,34.8,77.8,50.0,63.6,64.0,21.4,25.0,23.5,14.299999999999999,26.1,0.0,19.400000000000002
80,1629684.0,3.0,30.5,2.5,17.8,21.8,48.7,60.8,90.0,69.0,43.7,23.599999999999998,50.0,58.3,45.5,65.0,63.4,35.4,60.0,100.0,33.300000000000004,22.5,0.0,50.0
81,1628991.0,1.3,44.1,10.4,13.2,12.0,41.3,65.8,91.6,76.3,47.599999999999994,40.699999999999996,39.6,63.0,0.0,59.599999999999994,57.4,44.800000000000004,40.699999999999996,56.3,50.0,35.9,0.0,53.1
82,1629633.0,3.8,33.1,13.3,9.7,16.9,53.4,37.0,80.8,49.2,0.0,0.0,100.0,0.0,0.0,0.0,66.7,0.0,0.0,0.0,0.0,0.0,0.0,0.0
83,1629637.0,0.5,0.7,14.1,26.0,11.9,72.8,82.1,100.0,82.2,44.3,40.2,32.4,56.49999999999999,33.300000000000004,60.0,62.8,38.2,37.2,42.3,42.9,33.1,0.0,42.5
84,203925.0,3.9,52.5,11.1,7.2,14.0,36.4,75.2,96.0,84.9,60.0,34.300000000000004,58.3,50.0,0.0,0.0,73.3,50.0,33.300000000000004,50.0,37.5,44.4,0.0,45.0
85,101150.0,16.2,27.5,13.0,25.5,14.6,30.8,19.7,62.4,31.7,0.0,20.0,0.0,74.2,0.0,55.60000000000001,70.5,50.0,0.0,0.0,0.0,0.0,0.0,0.0
86,1628370.0,2.7,30.8,14.0,13.8,15.3,52.7,53.8,84.9,62.2,46.7,39.7,39.0,83.3,50.0,60.0,69.19999999999999,38.9,48.6,37.5,42.9,36.5,0.0,40.5
87,203496.0,2.4,53.8,16.4,11.9,15.1,31.9,77.2,89.9,83.7,44.800000000000004,41.6,38.0,25.0,0.0,75.0,52.900000000000006,35.3,36.6,38.9,23.1,36.4,0.0,32.300000000000004
88,203497.0,0.0,0.0,4.0,23.5,12.7,76.5,71.9,0.0,71.9,58.3,28.999999999999996,34.8,52.6,40.0,45.5,67.60000000000001,40.0,46.7,58.3,57.099999999999994,13.0,0.0,57.9
89,203933.0,18.9,17.8,19.2,13.9,20.4,49.4,62.6,94.7,67.4,75.0,26.3,50.0,80.0,0.0,66.7,83.3,57.099999999999994,33.300000000000004,0.0,33.300000000000004,30.0,0.0,25.0
90,201959.0,15.9,3.0,7.3,9.3,13.0,71.8,72.0,100.0,72.6,50.0,23.1,0.0,75.6,50.0,55.00000000000001,75.7,23.1,25.0,0.0,40.0,0.0,0.0,28.599999999999998
91,1627748.0,5.8,21.0,3.3,28.0,18.9,45.3,72.6,100.0,78.5,54.800000000000004,40.400000000000006,40.2,37.0,40.0,53.800000000000004,59.0,34.699999999999996,44.5,40.0,47.099999999999994,40.1,0.0,44.4
92,203501.0,12.3,55.9,11.7,11.7,12.5,20.1,50.0,84.6,68.5,48.5,35.8,41.5,58.8,50.0,61.1,60.6,39.1,40.699999999999996,36.7,37.5,35.3,0.0,37.0
93,203083.0,1.1,1.0,7.4,17.1,14.0,80.8,56.8,66.7,56.8,43.2,40.2,35.9,85.7,0.0,50.0,62.5,30.0,44.800000000000004,20.0,41.199999999999996,36.8,0.0,33.300000000000004
94,1627745.0,0.7,2.0,4.7,20.7,12.0,76.7,83.6,100.0,83.9,80.0,0.0,0.0,72.2,71.39999999999999,56.49999999999999,76.5,20.0,0.0,0.0,0.0,0.0,0.0,0.0
95,202355.0,7.5,0.7,2.5,17.1,12.1,74.7,66.1,100.0,66.3,40.0,40.0,25.0,67.4,33.300000000000004,62.1,71.2,44.3,50.0,50.0,25.0,34.599999999999994,0.0,31.3
96,201580.0,1.6,2.5,9.6,11.8,15.7,84.1,73.1,66.7,73.0,46.800000000000004,42.8,40.300000000000004,51.1,48.199999999999996,46.400000000000006,63.4,29.099999999999998,43.4,31.8,42.3,41.0,0.0,37.5
97,203516.0,2.0,38.3,24.2,17.4,18.1,42.3,69.7,97.4,79.8,48.1,36.1,41.099999999999994,67.5,0.0,50.0,65.3,48.6,32.5,44.4,36.0,34.4,0.0,39.900000000000006
98,201935.0,1.0,39.0,9.6,29.6,15.0,30.4,14.1,14.1,14.1,52.0,37.5,28.599999999999998,75.0,0.0,100.0,61.5,28.599999999999998,100.0,25.0,20.0,41.4,0.0,23.1
99,202685.0,3.2,10.7,4.7,12.0,11.9,74.1,57.7,100.0,61.3,43.9,36.5,32.9,63.0,0.0,57.099999999999994,63.4,25.0,31.3,37.5,35.8,36.5,0.0,36.4
100,1629006.0,0.5,22.5,14.3,29.3,17.7,47.7,58.5,93.9,66.9,50.8,36.5,46.7,61.7,60.0,66.7,64.60000000000001,40.0,47.099999999999994,17.4,27.800000000000004,38.7,0.0,22.0
101,1629134.0,16.6,38.0,11.8,8.1,16.0,37.3,37.0,76.8,49.7,34.8,33.6,41.9,58.3,0.0,53.300000000000004,53.800000000000004,25.5,31.8,47.4,22.6,36.7,0.0,32.0
102,1627739.0,1.6,23.3,22.8,10.7,29.2,64.3,42.3,96.6,52.6,44.5,38.7,37.5,42.9,50.0,75.0,44.1,43.1,42.6,38.9,43.5,34.300000000000004,0.0,40.699999999999996
103,2544.0,8.9,25.7,19.4,14.8,17.6,50.5,25.9,48.6,30.9,0.0,50.0,0.0,0.0,0.0,0.0,0.0,0.0,0.0,100.0,0.0,0.0,0.0,100.0
104,203090.0,2.2,29.0,17.9,8.6,13.6,60.2,64.4,96.3,71.9,33.300000000000004,44.4,0.0,66.7,0.0,100.0,65.60000000000001,40.0,0.0,60.0,37.5,40.0,0.0,46.2
105,1629011.0,0.4,0.0,4.3,14.5,13.0,85.0,68.0,0.0,68.0,43.1,41.9,38.6,62.5,0.0,58.3,59.699999999999996,30.0,36.1,47.4,63.2,41.3,0.0,55.300000000000004
106,200752.0,18.5,29.6,9.9,17.3,16.3,34.6,51.2,85.4,60.5,49.6,31.6,37.6,69.19999999999999,0.0,55.60000000000001,63.1,43.4,44.1,22.2,18.2,31.6,0.0,20.7
107,1627853.0,5.6,64.5,10.7,9.3,18.7,20.6,57.1,89.1,77.0,41.4,39.4,32.9,62.5,61.5,61.1,55.400000000000006,28.7,44.7,38.2,33.300000000000004,35.6,0.0,35.8
108,1628400.0,5.2,54.5,9.1,15.6,14.3,24.7,69.6,96.4,84.3,37.1,31.900000000000002,28.000000000000004,61.5,0.0,76.5,60.699999999999996,38.0,28.299999999999997,40.0,40.0,25.900000000000002,0.0,40.0
109,203552.0,14.3,54.6,13.9,11.1,15.5,20.1,41.6,80.4,61.5,40.0,33.300000000000004,0.0,68.30000000000001,50.0,60.699999999999996,68.89999999999999,40.0,33.300000000000004,0.0,0.0,0.0,0.0,0.0
110,202083.0,3.7,64.2,17.8,10.7,10.4,21.4,66.7,93.9,83.8,46.2,25.0,35.3,70.3,0.0,62.5,58.8,47.4,16.7,29.4,27.3,19.400000000000002,0.0,28.599999999999998
111,201143.0,20.6,35.9,9.0,6.8,11.3,36.6,59.3,98.6,70.9,56.699999999999996,45.1,44.4,63.6,45.7,53.800000000000004,70.1,48.0,45.9,44.4,0.0,21.7,0.0,36.4
112,1627936.0,3.7,37.4,22.0,18.7,18.7,40.3,56.7,88.2,68.1,47.099999999999994,25.900000000000002,27.3,33.300000000000004,0.0,0.0,56.3,50.0,33.300000000000004,50.0,50.0,9.5,0.0,50.0
113,203085.0,0.9,47.4,10.4,12.5,15.6,39.2,31.8,73.1,50.0,0.0,50.0,0.0,85.7,0.0,0.0,77.8,0.0,0.0,0.0,50.0,50.0,0.0,50.0
114,203469.0,1.1,9.3,9.3,18.1,15.0,71.5,68.8,94.1,70.8,50.0,39.4,31.3,61.8,44.1,42.699999999999996,69.1,44.5,36.7,0.0,100.0,18.2,0.0,50.0
115,1627749.0,21.6,16.2,20.7,13.1,16.2,49.0,32.8,96.4,41.2,44.1,40.8,43.7,53.300000000000004,0.0,64.3,55.2,39.6,46.300000000000004,36.4,42.1,36.199999999999996,0.0,39.0
116,1629672.0,12.4,13.1,9.7,19.2,15.3,55.3,54.5,96.6,59.3,47.199999999999996,34.1,31.3,57.49999999999999,0.0,58.3,62.2,29.5,31.3,50.0,57.099999999999994,33.7,0.0,53.800000000000004
117,101141.0,6.5,35.6,14.6,16.4,14.3,41.5,78.7,97.7,85.0,49.9,44.5,40.400000000000006,71.39999999999999,0.0,100.0,62.8,36.7,48.1,52.0,50.0,37.4,0.0,51.4
118,203922.0,18.0,32.1,21.4,9.9,22.0,40.0,77.7,91.2,81.3,36.8,28.599999999999998,24.5,70.0,0.0,0.0,50.7,28.1,18.0,20.0,50.0,28.9,0.0,33.300000000000004
119,200755.0,15.3,58.2,16.5,18.4,13.4,8.2,80.4,92.8,88.1,42.6,36.5,44.4,50.0,0.0,100.0,50.0,50.8,51.7,50.0,38.5,32.5,0.0,42.9
120,1628369.0,10.9,35.1,12.6,15.9,15.6,38.2,46.2,60.3,50.7,44.7,18.4,23.1,63.6,0.0,66.7,57.699999999999996,10.0,20.0,20.0,11.1,22.2,0.0,14.299999999999999
121,200746.0,31.9,18.6,3.8,15.8,9.9,33.8,55.9,94.9,62.1,50.0,37.2,28.599999999999998,67.60000000000001,64.7,51.9,70.6,38.5,35.699999999999996,25.0,0.0,0.0,0.0,20.0
122,1627737.0,2.3,5.5,14.1,22.1,14.1,70.0,73.2,100.0,74.5,45.800000000000004,27.700000000000003,15.0,75.4,0.0,69.6,74.2,29.2,28.599999999999998,32.5,16.2,36.0,0.0,24.7
123,1628964.0,4.4,31.9,6.6,8.1,18.7,55.7,57.3,100.0,68.5,56.39999999999999,43.1,38.0,53.800000000000004,0.0,57.099999999999994,63.5,45.4,44.9,37.5,54.50000000000001,28.299999999999997,0.0,47.4
124,1626192.0,0.0,42.5,15.0,7.3,20.2,50.2,72.6,94.3,80.4,66.7,40.699999999999996,55.60000000000001,100.0,0.0,100.0,66.7,100.0,45.5,33.300000000000004,20.0,50.0,0.0,25.0
125,201577.0,3.1,23.2,6.2,8.9,11.6,64.9,55.7,100.0,63.9,51.0,38.2,40.0,68.2,100.0,70.0,58.8,51.4,34.4,27.3,53.800000000000004,37.1,0.0,37.1
126,203503.0,5.9,67.2,12.6,5.2,17.7,21.7,64.3,90.1,80.3,51.4,40.2,42.0,69.5,56.8,61.4,69.0,46.800000000000004,46.1,47.8,25.0,35.199999999999996,0.0,38.5
127,1629027.0,5.1,35.0,10.3,26.4,13.8,33.4,16.4,28.3,20.9,12.5,30.0,9.1,0.0,0.0,0.0,40.0,0.0,0.0,0.0,0.0,28.599999999999998,0.0,0.0
128,202684.0,3.0,3.5,5.3,15.2,11.2,78.3,60.6,57.1,60.5,0.0,0.0,0.0,60.0,100.0,0.0,33.300000000000004,66.7,0.0,0.0,0.0,0.0,0.0,0.0
129,1628972.0,15.7,23.5,12.7,14.7,17.8,46.2,52.5,97.5,61.6,34.599999999999994,42.0,35.699999999999996,50.0,0.0,80.0,49.0,32.2,35.199999999999996,41.199999999999996,43.5,37.0,0.0,42.5
130,1626161.0,5.9,0.0,11.5,10.5,18.0,83.6,78.4,0.0,78.4,33.300000000000004,50.0,0.0,40.0,0.0,0.0,27.3,100.0,0.0,0.0,0.0,50.0,0.0,0.0
131,203932.0,8.4,25.9,16.7,16.1,18.0,49.6,50.7,88.3,59.4,0.0,23.1,50.0,57.699999999999996,53.800000000000004,63.6,66.3,29.7,42.1,20.0,13.3,21.8,0.0,15.0
132,1628988.0,10.4,46.0,11.4,9.7,13.5,34.0,26.2,81.1,48.6,41.5,38.0,39.0,54.800000000000004,40.0,52.2,52.1,39.4,40.5,29.2,40.0,36.0,0.0,34.699999999999996
133,202692.0,12.6,32.5,10.8,25.9,15.0,28.9,47.8,72.6,56.3,57.599999999999994,36.7,32.4,0.0,0.0,0.0,52.900000000000006,66.7,40.0,33.300000000000004,33.300000000000004,31.6,0.0,33.300000000000004
134,1628978.0,5.8,41.2,20.2,10.0,19.1,43.0,53.6,79.0,62.8,58.699999999999996,39.0,43.5,62.3,50.0,58.4,64.8,41.0,44.6,50.0,0.0,26.200000000000003,0.0,16.7
135,1628373.0,21.3,36.2,10.3,13.5,14.5,29.1,29.6,82.4,46.7,47.5,42.9,41.0,76.3,0.0,62.5,60.6,42.5,46.0,28.599999999999998,50.0,36.199999999999996,0.0,40.9
136,1628382.0,3.5,42.1,14.7,10.2,11.6,44.2,82.4,92.5,86.1,100.0,0.0,100.0,62.5,0.0,50.0,72.2,66.7,0.0,0.0,0.0,0.0,0.0,0.0
137,203086.0,1.3,51.0,3.7,5.7,10.7,42.0,83.1,94.1,87.9,55.7,35.5,33.6,56.3,0.0,71.39999999999999,62.4,36.1,48.699999999999996,18.2,31.6,35.6,0.0,24.4
138,1629016.0,10.8,34.9,6.2,19.7,13.8,34.6,60.7,100.0,74.0,48.1,38.4,25.7,60.6,100.0,80.0,64.60000000000001,30.8,30.8,42.9,42.3,32.7,0.0,42.6
139,203500.0,0.8,0.6,4.2,16.6,9.9,82.1,65.9,100.0,66.1,53.2,42.9,35.699999999999996,71.0,0.0,77.8,67.5,45.9,27.900000000000002,43.3,41.699999999999996,43.9,0.0,43.1
140,1713.0,12.4,59.3,6.6,8.9,12.0,19.4,46.3,86.3,68.5,45.5,34.9,0.0,53.6,75.0,71.39999999999999,61.3,38.9,0.0,25.0,60.0,33.300000000000004,0.0,38.5
141,1629629.0,7.2,41.7,15.0,17.5,13.5,33.6,51.6,85.5,65.4,41.5,30.5,25.0,62.9,40.699999999999996,47.099999999999994,60.4,37.0,28.599999999999998,25.0,33.300000000000004,27.6,0.0,30.8
142,1628464.0,5.5,15.0,7.3,14.0,16.8,65.5,78.2,100.0,80.9,75.0,40.0,50.0,68.8,44.4,71.39999999999999,69.39999999999999,54.2,66.7,0.0,100.0,0.0,0.0,100.0
143,1627863.0,1.6,59.5,16.9,11.8,18.5,27.1,71.2,95.0,85.1,60.9,45.9,35.5,81.8,100.0,100.0,81.5,41.699999999999996,26.700000000000003,54.50000000000001,44.6,43.2,0.0,49.0
144,203967.0,7.4,37.7,6.3,12.6,13.4,42.4,67.0,98.3,77.5,33.300000000000004,50.0,50.0,0.0,0.0,0.0,100.0,25.0,0.0,0.0,0.0,66.7,0.0,0.0
145,202066.0,4.5,60.1,16.2,10.0,14.7,25.4,57.5,87.8,74.9,39.0,34.8,25.7,55.60000000000001,50.0,37.5,42.1,34.5,25.900000000000002,22.2,50.0,28.599999999999998,0.0,27.3
146,1627777.0,2.1,66.2,13.9,6.8,8.5,24.9,44.7,100.0,79.0,66.7,66.7,0.0,74.6,64.3,50.0,78.8,33.300000000000004,66.7,100.0,0.0,66.7,0.0,50.0
147,203507.0,3.8,15.2,21.3,21.3,15.9,59.7,42.8,56.2,44.6,60.5,24.4,0.0,78.2,50.0,66.7,78.8,28.599999999999998,0.0,20.0,42.9,22.2,0.0,33.300000000000004
148,1629067.0,1.7,23.4,17.3,19.5,19.0,55.4,59.1,100.0,67.9,39.6,27.1,21.4,61.1,0.0,50.0,52.0,33.300000000000004,0.0,0.0,33.300000000000004,24.2,0.0,25.0
149,1629630.0,5.7,13.5,14.3,19.6,12.9,61.2,27.9,47.4,30.2,47.699999999999996,40.699999999999996,29.4,58.599999999999994,100.0,69.19999999999999,62.2,40.5,33.900000000000006,39.4,40.0,36.7,0.0,39.7
150,203109.0,4.0,53.9,20.2,16.6,17.0,25.5,59.5,81.1,71.3,0.0,100.0,0.0,53.1,100.0,21.4,59.4,15.4,100.0,0.0,0.0,0.0,0.0,0.0
151,201952.0,3.7,20.4,8.1,27.4,12.1,48.5,14.1,40.5,19.6,38.800000000000004,27.700000000000003,17.599999999999998,62.5,0.0,100.0,66.7,15.0,33.300000000000004,37.5,87.5,11.1,0.0,62.5
152,1629673.0,13.3,46.3,11.2,20.7,21.0,19.7,51.6,87.9,69.2,44.4,22.0,30.599999999999998,65.5,0.0,60.0,55.1,40.300000000000004,38.3,0.0,37.5,19.0,0.0,27.3
153,1628404.0,0.8,58.2,29.4,12.0,15.5,29.0,44.7,98.0,74.9,42.4,43.2,21.8,40.0,0.0,66.7,54.50000000000001,23.1,27.800000000000004,50.0,20.0,34.5,0.0,40.0
154,203482.0,3.3,49.7,6.9,16.6,14.4,30.4,67.2,95.0,81.0,49.4,35.6,46.300000000000004,75.0,0.0,33.300000000000004,56.10000000000001,46.1,47.199999999999996,25.0,37.5,37.1,0.0,29.2
155,203937.0,14.1,9.4,18.8,13.7,14.9,62.7,54.1,100.0,57.5,33.300000000000004,33.300000000000004,0.0,62.9,53.800000000000004,47.8,62.2,45.9,38.9,0.0,0.0,16.7,0.0,0.0
156,203524.0,6.6,61.3,13.1,9.5,17.2,22.6,62.5,92.9,80.2,55.60000000000001,29.9,39.0,52.900000000000006,33.300000000000004,44.4,66.9,34.599999999999994,38.6,21.4,29.4,35.9,0.0,25.8
157,203115.0,9.4,36.0,12.7,11.9,15.3,42.8,37.0,70.1,47.5,47.4,28.4,35.0,40.0,50.0,80.0,53.800000000000004,33.300000000000004,10.0,35.699999999999996,0.0,33.0,0.0,20.0
158,1629634.0,2.1,10.9,15.2,12.6,15.9,74.5,83.3,100.0,84.8,0.0,100.0,0.0,100.0,0.0,100.0,50.0,100.0,0.0,0.0,0.0,0.0,0.0,0.0
159,1627742.0,12.3,30.3,12.8,21.3,12.8,36.1,28.3,89.8,46.4,48.199999999999996,34.4,40.2,62.9,58.199999999999996,44.7,68.0,42.6,43.0,29.4,29.4,28.999999999999996,0.0,29.4
160,1628449.0,2.0,22.2,11.4,23.2,18.5,52.5,69.1,100.0,75.7,42.1,40.6,40.9,56.599999999999994,28.599999999999998,38.5,57.4,45.9,54.2,46.2,20.8,39.0,0.0,29.7
161,201568.0,13.4,46.3,4.6,22.5,10.9,17.8,50.0,86.4,68.1,50.9,43.0,40.6,64.0,50.0,58.3,67.0,40.9,45.300000000000004,56.599999999999994,35.699999999999996,37.8,0.0,52.2
162,203476.0,9.8,40.5,3.7,13.5,14.4,36.2,68.8,97.9,79.5,40.5,16.7,28.999999999999996,75.0,50.0,100.0,52.400000000000006,28.599999999999998,40.0,0.0,0.0,0.0,0.0,0.0
163,203114.0,23.7,35.6,12.2,15.3,12.8,25.4,39.8,71.9,50.3,41.9,33.0,39.4,58.3,0.0,83.3,53.900000000000006,38.5,41.3,38.5,35.699999999999996,30.7,0.0,37.0
164,2594.0,9.3,76.7,9.3,8.6,11.3,5.3,77.3,97.4,92.9,64.3,33.6,26.700000000000003,54.400000000000006,56.49999999999999,45.0,60.0,47.4,31.8,33.300000000000004,50.0,32.800000000000004,0.0,42.9
165,1628366.0,6.1,59.6,17.0,5.4,15.2,29.0,40.8,80.2,61.7,42.9,25.0,43.8,100.0,0.0,100.0,66.7,28.599999999999998,60.0,0.0,33.300000000000004,31.3,0.0,20.0
166,201158.0,20.3,53.9,10.9,12.5,7.4,13.3,93.0,89.1,91.0,42.6,35.8,34.300000000000004,66.7,0.0,80.0,55.1,35.0,40.2,58.3,41.199999999999996,28.000000000000004,0.0,48.3
167,1629680.0,0.9,61.0,21.2,10.4,22.9,27.7,75.8,100.0,90.0,37.1,43.7,31.5,60.0,0.0,33.300000000000004,51.5,22.1,31.1,42.4,43.3,38.4,0.0,42.9
168,1629023.0,1.8,32.2,11.1,13.1,14.4,52.8,81.3,96.6,85.6,47.4,44.0,30.5,53.6,0.0,50.0,61.5,40.6,37.7,47.599999999999994,52.300000000000004,37.3,0.0,50.0
169,201937.0,19.4,26.6,10.8,21.0,12.8,33.0,29.8,86.3,44.1,25.0,15.4,14.299999999999999,0.0,0.0,0.0,20.0,33.300000000000004,0.0,100.0,0.0,20.8,0.0,33.300000000000004
170,1629004.0,1.0,68.2,17.0,11.7,21.3,19.1,47.6,94.7,80.3,40.9,34.699999999999996,31.900000000000002,40.0,0.0,60.0,55.300000000000004,40.5,34.0,40.300000000000004,32.7,31.1,0.0,37.0
171,203076.0,11.4,12.0,13.3,26.1,14.0,50.4,59.4,100.0,64.0,50.0,37.5,61.5,0.0,0.0,0.0,100.0,33.300000000000004,50.0,75.0,28.599999999999998,40.0,0.0,45.5
172,203078.0,14.6,26.2,10.1,22.8,12.5,36.4,36.0,64.1,43.1,42.9,36.8,25.0,70.0,0.0,0.0,80.0,50.0,33.300000000000004,41.199999999999996,40.0,32.9,0.0,40.6
173,202339.0,5.8,23.3,21.8,18.7,15.8,52.1,30.1,44.6,33.2,38.5,38.0,34.300000000000004,65.2,0.0,68.8,58.5,25.3,43.9,50.0,45.5,27.1,0.0,48.5
174,203914.0,9.4,35.1,19.1,13.4,25.3,42.1,76.0,89.1,80.1,33.300000000000004,29.5,50.0,44.800000000000004,0.0,100.0,64.7,6.7,20.0,33.300000000000004,16.7,29.2,0.0,28.599999999999998
175,203210.0,1.4,62.2,6.8,9.9,16.3,26.5,56.1,100.0,82.4,41.699999999999996,42.199999999999996,40.5,57.099999999999994,66.7,50.0,63.6,36.8,43.8,50.0,33.300000000000004,42.199999999999996,0.0,41.3
176,202710.0,9.1,8.9,12.5,37.2,17.9,44.9,38.3,53.6,39.8,50.0,48.6,38.9,70.6,0.0,81.8,68.5,34.1,37.5,52.0,47.4,45.0,0.0,50.0
177,201950.0,4.3,31.2,14.6,10.8,15.3,53.7,29.2,52.2,35.2,52.5,40.2,35.3,71.39999999999999,100.0,40.0,70.7,39.5,38.5,40.400000000000006,43.2,38.800000000000004,0.0,41.699999999999996
178,202689.0,9.0,46.8,10.3,18.1,13.3,26.2,26.1,49.4,37.0,59.8,36.8,33.300000000000004,68.7,57.99999999999999,57.3,74.2,38.2,38.800000000000004,62.5,0.0,29.7,0.0,50.0
179,201567.0,17.0,44.0,5.0,17.9,12.1,21.2,57.4,92.4,72.6,44.3,43.4,39.4,66.7,66.7,55.60000000000001,67.30000000000001,43.5,46.0,35.099999999999994,47.5,37.8,0.0,41.6
180,1628374.0,1.4,43.9,14.3,17.8,16.8,36.8,53.8,99.0,73.4,0.0,36.4,11.1,63.6,30.0,55.900000000000006,76.2,46.7,44.4,100.0,0.0,16.7,0.0,40.0
181,1629022.0,13.6,27.3,24.2,13.6,16.3,45.5,55.1,95.8,64.7,48.8,37.0,40.9,67.60000000000001,60.0,76.9,66.5,36.8,42.0,57.599999999999994,25.0,35.699999999999996,0.0,41.5
182,202694.0,22.0,41.5,7.4,18.6,12.2,17.8,29.3,76.9,48.8,52.2,41.099999999999994,45.9,56.99999999999999,16.7,55.800000000000004,69.3,43.4,49.3,44.0,37.5,37.8,0.0,40.8
183,203521.0,1.7,27.5,0.0,20.8,5.0,50.0,25.8,81.8,40.5,56.8,38.1,26.3,55.800000000000004,28.599999999999998,61.5,65.2,40.5,37.9,42.9,45.0,32.4,0.0,43.9
184,203457.0,4.4,0.8,6.1,18.8,14.4,75.9,82.8,100.0,82.9,46.7,27.0,22.2,61.4,50.0,43.8,66.2,46.7,23.5,32.1,25.0,22.0,0.0,29.5
185,1629639.0,17.2,49.3,9.6,10.9,14.8,22.6,46.7,77.8,60.7,52.800000000000004,44.3,34.4,60.0,0.0,50.0,67.4,45.1,50.0,60.699999999999996,30.0,35.9,0.0,52.6
186,203952.0,7.5,29.4,6.0,16.2,13.9,46.9,37.8,75.8,47.9,41.4,32.1,27.800000000000004,55.400000000000006,33.300000000000004,58.8,57.199999999999996,27.800000000000004,38.5,35.0,29.4,20.0,0.0,32.4
187,202687.0,1.2,0.0,5.6,23.1,12.4,75.7,83.1,0.0,83.1,46.2,36.6,35.8,61.8,44.800000000000004,40.6,62.5,37.2,27.400000000000002,43.5,32.0,38.0,100.0,37.5
188,1628981.0,3.3,6.6,10.4,13.2,9.3,76.9,68.5,100.0,70.1,55.00000000000001,40.300000000000004,46.2,69.0,31.8,50.0,75.0,30.4,48.4,0.0,0.0,0.0,0.0,0.0
189,1628422.0,19.2,53.6,11.9,7.3,22.2,19.9,55.9,81.5,68.1,54.50000000000001,45.5,32.4,69.5,53.2,60.5,72.1,48.4,42.199999999999996,0.0,0.0,57.099999999999994,0.0,0.0
190,201599.0,0.5,0.0,2.7,17.6,11.3,81.9,72.0,0.0,72.0,0.0,0.0,0.0,50.0,0.0,0.0,50.0,0.0,0.0,0.0,0.0,0.0,0.0,0.0
191,201565.0,14.2,15.1,9.3,13.5,9.5,57.3,16.8,65.9,22.8,50.0,22.6,0.0,50.0,50.0,53.7,61.5,40.0,28.599999999999998,33.300000000000004,0.0,19.0,0.0,25.0
192,1629059.0,5.3,36.3,16.8,21.6,23.7,36.8,45.0,78.3,57.1,50.0,11.1,0.0,0.0,0.0,0.0,83.3,0.0,0.0,0.0,0.0,12.5,0.0,0.0
193,1626144.0,12.8,23.9,9.5,13.8,9.5,49.5,29.4,69.2,37.5,0.0,28.000000000000004,26.900000000000002,57.099999999999994,0.0,33.300000000000004,63.6,66.7,23.5,0.0,75.0,20.8,0.0,33.300000000000004
194,1627832.0,4.0,46.0,19.8,17.2,18.2,32.9,17.4,70.2,41.4,52.2,38.2,15.4,66.7,0.0,64.3,60.8,50.0,30.0,50.0,38.5,31.0,0.0,44.4
195,1627750.0,19.1,29.0,8.8,15.9,14.3,36.0,48.3,64.6,52.5,100.0,0.0,0.0,71.39999999999999,0.0,83.3,78.0,40.0,50.0,0.0,0.0,0.0,0.0,0.0
196,1629010.0,16.2,48.5,14.0,8.8,18.4,26.5,41.4,90.9,62.7,0.0,0.0,0.0,0.0,0.0,0.0,0.0,0.0,0.0,0.0,0.0,0.0,0.0,0.0
197,1628989.0,7.2,56.0,11.1,8.5,16.3,28.3,35.7,85.4,61.2,40.0,46.7,39.900000000000006,75.0,0.0,100.0,46.5,34.4,43.6,37.5,31.3,42.4,0.0,33.300000000000004
198,1626204.0,8.0,31.6,6.6,8.9,12.9,51.5,61.4,97.8,70.9,48.0,36.8,41.099999999999994,88.9,0.0,50.0,56.699999999999996,42.9,40.5,30.0,38.7,37.3,0.0,35.3
199,1626167.0,10.5,36.4,2.6,17.6,11.6,35.5,74.8,100.0,83.5,50.0,50.0,75.0,61.6,39.1,64.0,66.0,44.1,59.3,0.0,0.0,0.0,0.0,0.0
200,202335.0,2.7,68.5,17.4,12.3,17.8,16.4,81.0,100.0,94.4,43.6,40.0,36.6,100.0,0.0,100.0,56.89999999999999,29.4,33.300000000000004,42.9,100.0,36.8,0.0,50.0
201,1629628.0,6.2,23.5,14.8,20.2,16.9,50.2,35.8,97.9,49.3,0.0,0.0,0.0,0.0,0.0,0.0,0.0,0.0,0.0,0.0,0.0,0.0,0.0,0.0
202,201566.0,15.2,10.5,17.8,19.1,16.4,55.1,23.7,58.1,26.8,33.300000000000004,47.8,41.699999999999996,78.60000000000001,0.0,60.0,58.8,30.8,44.800000000000004,34.8,64.1,43.8,0.0,53.2
203,1626203.0,2.0,37.9,11.1,16.7,20.2,43.4,62.2,96.0,74.3,62.5,12.5,37.5,0.0,0.0,0.0,100.0,57.099999999999994,33.300000000000004,0.0,0.0,12.5,0.0,0.0
204,202722.0,3.0,70.9,13.5,11.8,19.1,14.2,73.7,91.7,86.9,48.4,36.199999999999996,37.9,68.2,0.0,81.8,57.99999999999999,43.2,38.7,40.0,55.60000000000001,32.7,0.0,47.4
205,1628402.0,10.8,38.2,12.0,17.0,18.1,34.0,50.0,90.9,64.8,66.7,21.7,40.0,72.7,100.0,48.0,75.7,47.099999999999994,33.300000000000004,0.0,25.0,33.300000000000004,0.0,10.0
206,201588.0,4.7,47.0,16.4,12.9,11.2,35.5,46.5,62.7,53.6,33.300000000000004,38.7,47.099999999999994,49.3,43.8,66.7,55.7,41.699999999999996,41.699999999999996,46.7,34.5,38.2,0.0,40.699999999999996
207,1627759.0,7.2,30.7,22.5,16.0,17.8,46.1,47.7,92.3,60.1,52.900000000000006,66.7,25.0,70.5,28.000000000000004,58.8,70.19999999999999,40.400000000000006,50.0,0.0,0.0,60.0,0.0,0.0
208,203087.0,23.0,28.1,11.8,15.0,17.1,33.9,36.6,75.5,46.3,56.699999999999996,28.299999999999997,24.4,73.7,63.6,55.900000000000006,72.6,43.5,27.500000000000004,30.4,35.3,24.7,0.0,32.5
209,1628398.0,8.3,34.7,14.3,14.6,16.3,42.3,60.7,92.2,70.6,19.400000000000002,35.099999999999994,34.300000000000004,66.7,0.0,25.0,36.8,33.300000000000004,32.7,20.0,40.0,34.5,0.0,30.0
210,1629029.0,2.8,30.4,9.6,24.1,10.7,42.6,17.0,23.3,18.9,34.300000000000004,32.800000000000004,36.3,79.5,50.0,63.6,64.60000000000001,22.7,38.2,48.8,28.799999999999997,33.300000000000004,0.0,37.6
211,1627736.0,11.8,55.2,14.6,9.5,17.9,23.5,66.7,94.4,80.9,47.599999999999994,40.0,55.60000000000001,67.7,55.00000000000001,58.3,73.8,40.8,33.300000000000004,0.0,0.0,50.0,0.0,0.0
212,202693.0,9.1,46.3,6.6,12.6,14.4,32.1,63.0,100.0,78.9,43.9,35.5,39.4,72.7,25.0,80.0,60.3,29.2,60.0,28.599999999999998,37.5,33.300000000000004,0.0,33.300000000000004
213,202696.0,8.6,26.6,3.2,10.8,11.9,54.0,74.7,98.6,80.0,45.0,58.3,100.0,63.6,50.0,69.69999999999999,67.7,49.3,55.60000000000001,0.0,0.0,0.0,0.0,0.0
214,1627783.0,7.7,27.0,17.5,16.5,18.5,48.8,41.8,65.6,47.5,53.7,44.6,39.6,60.0,0.0,50.0,61.5,45.5,47.4,30.8,37.5,36.3,0.0,34.5
215,203526.0,7.0,41.9,8.7,8.1,9.3,43.0,37.2,87.5,55.2,66.7,0.0,33.300000000000004,0.0,0.0,0.0,75.0,0.0,50.0,0.0,0.0,0.0,0.0,0.0
216,201586.0,14.1,23.2,8.3,11.1,15.1,51.5,79.4,100.0,83.3,42.9,40.0,28.599999999999998,60.0,66.7,50.0,57.099999999999994,46.7,33.300000000000004,33.300000000000004,50.0,33.300000000000004,0.0,42.9
217,203992.0,12.3,54.2,10.0,9.4,11.5,24.2,30.1,83.0,56.4,0.0,50.0,50.0,0.0,0.0,0.0,0.0,0.0,50.0,0.0,0.0,50.0,0.0,0.0
218,1627761.0,0.8,18.1,19.3,10.4,25.7,70.7,58.4,100.0,64.4,46.7,37.7,41.4,66.0,75.0,56.49999999999999,63.3,45.9,46.300000000000004,47.099999999999994,35.3,33.900000000000006,0.0,41.199999999999996
219,1629018.0,10.9,64.3,13.3,6.5,11.6,18.4,41.9,82.5,66.0,29.799999999999997,32.7,37.5,61.3,100.0,73.3,60.5,38.5,35.3,36.7,40.0,29.9,0.0,38.3
220,201609.0,8.1,41.7,10.1,18.1,9.7,32.1,30.2,62.5,43.4,55.7,39.6,34.699999999999996,58.099999999999994,30.0,40.0,64.3,39.5,50.0,40.0,31.6,35.5,0.0,35.9
221,200768.0,5.7,43.7,18.0,24.5,11.4,26.1,24.6,55.3,39.3,54.2,39.1,28.199999999999996,73.3,25.0,30.0,68.10000000000001,20.0,37.5,50.0,11.1,38.9,0.0,29.4
222,203935.0,4.8,54.5,12.6,14.7,15.0,26.0,34.9,71.4,54.7,14.299999999999999,44.2,25.0,50.0,50.0,50.0,33.300000000000004,50.0,25.0,60.0,50.0,37.9,0.0,53.800000000000004
223,203486.0,1.3,0.0,7.3,19.9,17.4,78.9,71.7,0.0,71.7,50.0,0.0,0.0,0.0,0.0,0.0,0.0,50.0,0.0,0.0,0.0,0.0,0.0,0.0
224,1629740.0,6.8,55.9,8.7,11.4,18.6,25.9,62.8,100.0,82.6,48.8,40.9,31.5,65.7,47.9,59.099999999999994,66.4,39.2,31.6,33.300000000000004,44.0,39.6,0.0,39.800000000000004
225,203585.0,1.4,41.4,15.9,9.0,11.0,48.3,72.2,100.0,82.1,0.0,0.0,0.0,66.7,0.0,0.0,71.39999999999999,0.0,0.0,0.0,0.0,0.0,0.0,0.0
226,1626178.0,4.9,1.8,12.6,25.2,21.5,68.1,67.2,100.0,67.8,12.5,16.7,33.300000000000004,66.7,0.0,100.0,70.0,0.0,0.0,33.300000000000004,33.300000000000004,14.299999999999999,0.0,33.300000000000004
227,2772.0,0.0,57.4,28.4,11.6,15.5,31.0,66.0,93.1,81.0,56.3,14.299999999999999,0.0,68.8,50.0,61.5,71.89999999999999,33.300000000000004,40.0,0.0,0.0,0.0,0.0,0.0
228,201229.0,2.9,69.6,11.6,10.1,13.0,17.4,85.7,96.9,93.5,38.800000000000004,30.4,30.099999999999998,63.3,60.0,44.4,54.300000000000004,24.3,37.5,22.2,24.0,31.6,0.0,23.3
229,1629661.0,5.5,67.4,19.1,9.2,17.8,17.8,65.8,98.6,87.4,0.0,54.50000000000001,0.0,33.300000000000004,50.0,66.7,50.0,50.0,40.0,0.0,100.0,28.599999999999998,0.0,50.0
230,202734.0,8.5,41.3,11.5,6.3,13.5,44.0,42.9,94.5,60.6,51.5,33.300000000000004,35.699999999999996,48.4,0.0,63.6,63.1,44.0,66.7,33.300000000000004,33.300000000000004,25.0,0.0,33.300000000000004
231,0.0,3.6,0.8,6.8,14.5,13.2,81.0,50.9,100.0,51.2,66.7,25.0,0.0,69.69999999999999,0.0,68.30000000000001,72.7,18.2,50.0,100.0,0.0,0.0,0.0,100.0
232,1629048.0,21.9,9.4,4.7,15.6,10.2,53.1,85.4,100.0,86.5,48.8,42.199999999999996,37.9,62.2,54.50000000000001,54.800000000000004,64.1,44.800000000000004,42.0,47.099999999999994,50.0,34.4,0.0,48.4
233,202695.0,17.9,23.4,10.8,22.4,13.8,36.3,29.1,67.4,37.7,50.0,0.0,0.0,50.0,0.0,50.0,75.0,0.0,0.0,0.0,0.0,0.0,0.0,0.0
234,1629645.0,9.2,31.4,15.3,13.1,15.6,46.2,42.1,79.1,52.2,66.7,5.6000000000000005,33.300000000000004,50.0,0.0,60.0,52.900000000000006,57.099999999999994,75.0,12.5,0.0,11.799999999999999,0.0,12.5
235,204001.0,11.9,37.6,6.1,18.7,12.1,31.8,69.2,95.9,78.9,46.6,39.7,40.0,48.199999999999996,34.0,52.800000000000004,59.3,37.6,38.3,50.0,24.3,40.9,0.0,38.800000000000004
236,101107.0,2.1,47.5,5.6,15.8,14.4,34.5,63.5,97.8,79.4,51.2,36.4,25.0,65.2,14.299999999999999,66.7,68.8,42.5,38.5,38.5,36.1,34.0,0.0,37.3
237,1628470.0,2.9,42.0,15.9,9.7,12.6,45.4,68.0,96.6,78.5,43.8,33.300000000000004,39.800000000000004,50.0,33.300000000000004,0.0,56.99999999999999,36.7,36.6,25.0,57.099999999999994,35.8,0.0,45.5
238,1627812.0,29.5,31.1,12.0,16.4,14.2,23.0,25.0,73.7,38.8,49.6,39.800000000000004,30.8,65.2,52.300000000000004,53.800000000000004,68.0,29.099999999999998,39.5,20.599999999999998,44.7,41.099999999999994,0.0,34.599999999999994
239,1629001.0,9.2,19.4,27.4,20.9,25.2,50.5,52.6,85.7,58.5,59.3,30.0,31.6,0.0,0.0,0.0,61.9,50.0,33.300000000000004,0.0,0.0,31.3,0.0,0.0
240,203110.0,6.5,31.9,10.6,18.6,13.6,43.1,72.6,100.0,80.8,52.800000000000004,37.3,43.5,68.60000000000001,0.0,63.6,59.3,44.7,47.4,30.8,42.9,33.1,0.0,37.0
241,1629750.0,3.2,14.4,31.2,18.4,29.6,64.0,61.9,100.0,66.7,60.0,50.0,45.5,100.0,0.0,0.0,83.3,33.300000000000004,33.300000000000004,0.0,0.0,42.9,0.0,0.0
242,1626196.0,20.4,32.2,7.9,15.6,17.9,31.8,41.7,79.7,52.7,38.5,16.7,30.0,0.0,0.0,0.0,44.4,42.9,33.300000000000004,0.0,0.0,28.599999999999998,0.0,0.0
243,1627763.0,20.3,24.7,7.6,18.5,11.3,36.5,20.7,39.3,24.9,43.1,35.3,34.9,66.7,0.0,60.0,54.300000000000004,27.800000000000004,41.3,28.599999999999998,23.5,34.300000000000004,0.0,26.700000000000003
244,1629638.0,3.8,56.9,3.8,8.1,16.6,31.3,13.5,90.0,53.2,37.8,41.9,44.800000000000004,33.300000000000004,0.0,50.0,47.599999999999994,18.8,41.0,36.7,59.099999999999994,41.3,0.0,46.2
245,1628390.0,8.6,67.7,10.2,5.4,9.7,18.3,92.0,97.6,95.5,43.0,31.7,30.5,61.199999999999996,51.9,66.7,63.9,42.3,31.7,28.599999999999998,20.0,26.400000000000002,0.0,22.2
246,1628396.0,0.0,0.0,8.3,11.6,9.4,88.4,67.5,0.0,67.5,0.0,0.0,0.0,60.0,0.0,66.7,57.099999999999994,0.0,0.0,0.0,0.0,0.0,0.0,0.0
247,1628411.0,11.4,28.6,21.9,25.7,23.3,34.3,60.4,70.0,63.2,0.0,0.0,0.0,0.0,0.0,0.0,0.0,0.0,0.0,0.0,0.0,0.0,0.0,0.0
248,203458.0,0.6,12.0,4.9,14.6,8.3,72.8,73.4,100.0,76.1,50.2,44.9,39.7,64.8,0.0,67.60000000000001,63.4,35.6,43.1,67.60000000000001,36.1,40.2,0.0,52.1
249,2546.0,27.6,27.4,9.3,14.5,10.3,30.6,42.3,90.9,53.9,50.3,44.0,35.099999999999994,80.0,0.0,100.0,65.0,39.7,41.4,29.7,40.9,41.3,0.0,35.8
250,1627884.0,1.1,24.1,19.3,21.3,17.2,53.4,80.0,96.4,83.7,47.199999999999996,38.9,33.0,65.7,53.0,43.5,69.3,42.1,40.2,66.7,0.0,33.7,0.0,28.599999999999998
251,203939.0,0.0,8.0,6.4,19.7,9.6,72.3,80.9,100.0,82.2,57.699999999999996,41.6,23.5,69.89999999999999,56.8,51.800000000000004,74.5,42.1,37.8,50.0,27.3,40.9,0.0,36.8
252,202738.0,18.0,48.0,6.4,12.7,12.7,21.3,38.5,76.9,55.7,33.300000000000004,22.0,0.0,65.5,37.5,64.3,73.9,47.699999999999996,33.300000000000004,37.5,33.300000000000004,16.7,0.0,36.4
253,1628975.0,14.0,61.0,18.6,7.6,19.8,17.4,37.0,88.6,66.1,66.7,44.4,100.0,68.4,100.0,83.3,72.7,66.7,50.0,0.0,0.0,83.3,0.0,0.0
254,1629065.0,18.6,33.2,13.6,10.4,18.9,37.9,43.0,71.0,50.9,100.0,100.0,0.0,83.3,50.0,0.0,90.9,0.0,0.0,0.0,0.0,100.0,0.0,0.0
255,201976.0,1.2,56.8,11.2,7.1,13.3,34.9,31.1,96.9,64.8,0.0,20.0,50.0,66.7,100.0,54.50000000000001,86.7,40.0,28.599999999999998,0.0,0.0,0.0,0.0,0.0
256,203894.0,6.7,41.9,11.4,20.9,11.6,30.5,22.2,50.0,34.1,0.0,0.0,0.0,50.0,0.0,0.0,57.099999999999994,0.0,0.0,0.0,0.0,0.0,0.0,0.0
257,1627846.0,3.6,39.0,14.3,16.1,18.4,41.3,70.0,96.6,79.7,52.5,38.9,37.8,68.4,53.7,64.7,72.3,53.1,32.7,40.0,11.1,38.2,0.0,21.4
258,202340.0,21.7,39.8,19.3,4.8,18.7,33.7,77.2,88.6,80.9,51.800000000000004,34.300000000000004,41.3,51.9,43.8,43.5,63.6,40.5,35.9,44.4,42.9,30.4,0.0,44.0
259,203991.0,0.4,0.0,14.4,10.1,15.3,89.5,80.3,0.0,80.3,66.7,10.0,44.4,65.60000000000001,0.0,36.4,65.10000000000001,30.0,0.0,0.0,57.099999999999994,0.0,0.0,50.0
260,201571.0,10.1,33.8,7.2,27.3,16.5,28.8,16.0,57.4,31.3,33.300000000000004,0.0,20.0,100.0,0.0,0.0,100.0,20.0,25.0,0.0,0.0,22.2,0.0,0.0
261,1627814.0,11.1,37.2,17.3,19.2,18.2,32.5,73.5,98.3,82.5,51.7,39.6,36.7,73.3,50.0,43.8,66.5,46.1,31.7,45.6,34.0,35.699999999999996,0.0,40.400000000000006
262,1628407.0,6.3,25.4,16.5,15.6,18.8,52.7,47.0,89.5,56.5,58.5,46.300000000000004,31.4,100.0,0.0,100.0,61.0,40.0,40.0,33.300000000000004,50.0,40.300000000000004,0.0,40.0
263,203954.0,16.6,17.1,5.4,29.3,10.9,37.0,48.5,92.2,56.2,43.5,38.7,35.4,50.0,0.0,50.0,57.3,33.900000000000006,36.0,52.6,20.0,34.0,0.0,45.800000000000004
264,1628966.0,0.8,36.0,12.4,19.0,15.5,44.2,67.2,96.8,77.5,45.5,28.799999999999997,29.799999999999997,0.0,0.0,0.0,48.1,35.099999999999994,34.300000000000004,27.3,40.0,27.400000000000002,0.0,32.4
265,1626209.0,4.6,25.7,24.0,22.9,19.4,46.9,53.3,100.0,65.0,50.0,0.0,0.0,0.0,0.0,0.0,50.0,0.0,0.0,0.0,0.0,0.0,0.0,0.0
266,1629008.0,9.0,36.7,13.2,10.0,14.8,44.4,59.0,81.6,66.1,47.599999999999994,35.9,25.0,71.39999999999999,0.0,40.0,66.9,46.2,15.8,37.3,48.0,30.8,0.0,42.6
267,1629642.0,1.3,26.2,14.1,17.4,18.1,55.0,76.2,100.0,81.8,42.5,38.2,20.7,78.60000000000001,0.0,100.0,70.0,32.1,33.300000000000004,15.8,83.3,32.6,0.0,32.0
268,203584.0,8.3,69.2,14.2,5.9,7.1,16.6,76.2,97.4,90.0,20.0,0.0,33.300000000000004,0.0,0.0,0.0,100.0,50.0,0.0,0.0,0.0,25.0,0.0,0.0
269,1627767.0,8.3,1.6,8.8,15.5,15.0,74.6,82.5,100.0,82.7,41.3,27.500000000000004,28.9,56.89999999999999,0.0,50.0,61.7,28.799999999999997,20.0,40.0,28.599999999999998,23.599999999999998,0.0,33.300000000000004
270,203920.0,1.3,0.0,5.2,26.8,22.2,71.9,69.6,0.0,69.6,0.0,0.0,0.0,50.0,0.0,0.0,60.0,0.0,0.0,0.0,0.0,0.0,0.0,0.0
271,1629013.0,2.0,70.0,7.9,11.2,16.1,16.9,57.9,96.8,85.6,42.699999999999996,32.9,46.0,70.0,42.9,55.00000000000001,60.5,38.3,48.0,36.4,33.300000000000004,34.0,0.0,35.3
272,1626181.0,3.4,39.8,25.1,14.5,20.8,42.3,66.2,94.8,76.7,47.9,36.7,35.0,65.0,40.0,71.89999999999999,59.199999999999996,40.5,33.300000000000004,39.4,45.800000000000004,34.1,0.0,42.1
273,200765.0,8.1,37.6,13.6,8.1,19.0,46.1,15.0,70.3,32.5,42.9,36.4,0.0,66.7,0.0,50.0,62.5,20.0,0.0,75.0,0.0,33.300000000000004,0.0,37.5
274,200757.0,2.2,50.0,16.7,1.1,27.8,46.7,59.1,100.0,75.7,28.599999999999998,34.5,33.300000000000004,54.900000000000006,25.0,71.39999999999999,54.6,11.799999999999999,25.0,50.0,27.3,34.699999999999996,0.0,33.300000000000004
275,1628035.0,6.3,22.8,9.5,12.7,17.7,58.2,66.7,100.0,73.0,46.5,31.6,38.3,60.9,51.6,57.699999999999996,59.9,43.4,39.4,30.8,46.7,25.5,0.0,36.6
276,1629735.0,3.5,0.0,4.4,27.4,19.5,69.0,68.3,0.0,68.3,42.9,22.2,0.0,100.0,0.0,0.0,37.5,100.0,0.0,50.0,16.7,19.0,0.0,25.0
277,1628998.0,1.2,25.3,22.9,18.1,23.5,55.4,57.4,92.9,65.6,27.6,39.900000000000006,40.0,54.800000000000004,0.0,33.300000000000004,56.2,20.0,44.7,32.800000000000004,48.5,40.699999999999996,0.0,40.6
278,203473.0,5.8,26.2,8.7,12.6,12.6,55.3,73.0,100.0,79.0,41.199999999999996,27.400000000000002,36.7,68.30000000000001,100.0,80.0,57.099999999999994,52.1,20.0,27.800000000000004,27.3,30.099999999999998,0.0,27.500000000000004
279,202330.0,15.3,28.2,15.6,12.7,15.0,43.8,53.4,85.0,61.0,33.300000000000004,35.699999999999996,30.4,100.0,100.0,0.0,57.699999999999996,42.9,33.300000000000004,28.599999999999998,66.7,27.800000000000004,0.0,40.0
280,1627823.0,1.3,41.4,12.5,16.4,17.1,40.8,59.4,100.0,75.5,0.0,20.0,0.0,100.0,0.0,0.0,33.300000000000004,100.0,0.0,0.0,0.0,50.0,0.0,0.0
281,203488.0,4.5,68.2,1.1,10.2,14.2,17.0,89.5,100.0,96.6,0.0,66.7,25.0,0.0,0.0,0.0,0.0,100.0,16.7,0.0,0.0,60.0,0.0,0.0
282,1626158.0,4.1,0.0,6.8,15.7,18.8,80.2,73.5,0.0,73.5,50.0,0.0,33.300000000000004,0.0,0.0,0.0,50.0,66.7,33.300000000000004,100.0,0.0,11.1,0.0,100.0
283,1628425.0,5.1,47.2,16.8,13.2,18.3,34.5,48.7,90.3,67.1,35.199999999999996,29.599999999999998,31.0,66.7,75.0,66.7,56.49999999999999,30.0,37.5,0.0,50.0,26.3,0.0,12.5
284,1628976.0,5.5,4.2,7.6,21.9,19.9,68.4,66.9,100.0,68.1,42.9,13.3,16.7,50.0,52.400000000000006,68.4,64.5,37.0,20.0,0.0,0.0,22.2,0.0,0.0
285,203459.0,10.5,62.8,7.6,5.8,19.2,20.9,66.7,100.0,85.7,0.0,37.5,0.0,57.099999999999994,0.0,0.0,64.7,100.0,0.0,33.300000000000004,0.0,50.0,0.0,25.0
286,1628368.0,7.1,14.8,18.5,22.8,18.8,55.3,14.5,60.0,20.7,0.0,0.0,0.0,50.0,0.0,0.0,100.0,0.0,0.0,0.0,0.0,0.0,0.0,0.0
287,202324.0,2.9,0.9,7.3,9.4,10.0,86.8,73.2,100.0,73.4,47.4,40.0,50.0,100.0,0.0,100.0,50.0,50.0,50.0,50.0,33.300000000000004,27.3,0.0,40.0
288,203901.0,8.6,12.0,7.7,8.6,18.3,70.9,18.7,85.7,24.8,56.3,41.0,34.599999999999994,66.9,52.800000000000004,59.0,70.89999999999999,40.300000000000004,28.9,36.4,71.39999999999999,40.699999999999996,0.0,44.800000000000004
289,201162.0,3.4,82.8,0.0,3.4,20.7,10.3,100.0,100.0,100.0,50.3,41.099999999999994,42.699999999999996,57.099999999999994,42.699999999999996,61.8,65.0,47.9,42.9,50.0,40.0,37.2,0.0,45.0
290,1626156.0,16.7,46.4,14.8,14.6,13.7,22.2,26.1,59.4,40.8,29.2,33.7,22.2,68.4,100.0,66.7,61.7,22.6,16.7,52.400000000000006,34.8,25.4,0.0,43.2
291,1629058.0,0.0,30.4,15.5,22.3,24.3,47.3,62.9,86.7,70.0,53.300000000000004,24.4,43.2,50.0,0.0,33.300000000000004,69.39999999999999,44.1,40.0,33.300000000000004,30.0,21.099999999999998,100.0,31.6
292,1626157.0,2.8,36.9,3.8,19.4,12.3,40.8,50.5,81.6,61.7,50.0,65.0,45.5,72.7,0.0,80.0,70.0,38.9,55.60000000000001,50.0,66.7,83.3,0.0,53.300000000000004
293,1629026.0,1.5,56.8,18.2,6.8,19.7,34.8,66.7,96.0,81.6,43.9,41.0,37.8,65.3,54.50000000000001,52.0,66.3,41.0,33.300000000000004,36.8,39.300000000000004,41.4,0.0,38.3
294,1628436.0,1.0,42.9,5.2,9.5,21.4,46.7,86.0,100.0,91.3,45.800000000000004,35.199999999999996,44.9,56.599999999999994,100.0,55.300000000000004,57.099999999999994,42.9,42.1,26.5,36.8,36.3,0.0,33.0
295,201188.0,2.9,55.1,4.0,9.6,17.3,32.4,64.6,100.0,82.7,47.699999999999996,42.199999999999996,39.7,46.2,0.0,80.0,55.300000000000004,26.900000000000002,50.4,38.9,33.300000000000004,38.5,0.0,37.0
296,200794.0,6.1,26.2,10.4,21.9,11.6,45.8,62.7,100.0,72.1,48.8,36.3,41.9,63.6,33.300000000000004,52.6,59.8,40.699999999999996,46.6,32.800000000000004,32.4,35.9,0.0,32.6
297,202331.0,12.2,45.1,12.6,19.2,16.1,23.5,34.1,67.6,49.4,31.3,25.3,30.0,60.0,0.0,100.0,56.39999999999999,42.9,25.0,34.8,38.1,17.599999999999998,0.0,36.4
298,1626188.0,19.9,40.4,16.4,3.5,15.8,36.3,33.3,78.3,47.9,30.5,36.8,28.299999999999997,45.7,50.0,77.8,46.5,34.5,28.1,29.599999999999998,33.900000000000006,37.6,0.0,31.900000000000002
299,1629611.0,0.0,16.1,14.3,16.1,30.4,67.9,26.3,100.0,36.4,41.699999999999996,40.9,38.5,72.5,0.0,64.3,64.60000000000001,37.1,43.7,41.699999999999996,36.7,37.9,0.0,39.2
300,203382.0,1.6,33.3,4.5,11.6,8.5,53.4,75.0,100.0,82.2,33.300000000000004,12.5,37.5,100.0,0.0,0.0,100.0,0.0,66.7,50.0,0.0,11.1,0.0,50.0
301,1629035.0,18.8,59.4,6.3,11.5,17.7,10.4,50.0,68.4,60.6,47.099999999999994,41.8,36.6,66.7,100.0,70.0,56.699999999999996,43.3,33.300000000000004,51.6,36.7,36.8,0.0,44.3
302,1629655.0,0.0,0.0,8.4,13.0,13.0,87.0,68.7,0.0,68.7,32.2,30.4,34.1,54.50000000000001,0.0,40.0,51.6,29.4,28.299999999999997,20.7,31.8,35.4,0.0,25.5
303,101133.0,1.5,5.7,3.1,24.5,16.5,68.2,67.0,100.0,68.8,50.0,43.4,38.3,58.9,50.6,62.5,58.5,49.3,52.0,46.5,47.099999999999994,35.8,0.0,46.7
304,1629741.0,6.8,42.6,23.6,14.2,24.3,36.5,59.4,100.0,75.5,41.9,38.9,27.900000000000002,84.6,0.0,60.0,68.7,35.099999999999994,29.2,33.300000000000004,45.0,32.0,0.0,40.0
305,1627885.0,3.6,18.8,17.9,20.5,32.1,57.1,52.9,71.4,56.1,45.5,13.600000000000001,12.5,53.1,33.300000000000004,66.7,64.9,13.3,15.4,0.0,20.0,0.0,0.0,16.7
306,1627746.0,17.9,4.7,6.8,13.2,6.8,64.2,73.1,100.0,74.1,75.0,12.5,0.0,51.0,42.9,47.599999999999994,69.1,28.799999999999997,22.2,0.0,0.0,0.0,0.0,0.0
307,203957.0,4.4,24.4,14.1,19.3,14.8,51.9,23.7,81.8,36.7,53.400000000000006,46.7,48.199999999999996,60.0,57.099999999999994,50.0,64.5,49.7,52.7,54.2,43.3,40.6,0.0,48.1
308,1626163.0,4.0,33.2,1.4,16.8,9.4,46.0,68.2,100.0,78.0,0.0,41.699999999999996,0.0,0.0,0.0,0.0,0.0,0.0,25.0,0.0,33.300000000000004,33.300000000000004,0.0,33.300000000000004
309,1628977.0,7.8,7.3,16.6,12.7,20.0,72.2,68.3,80.0,69.0,0.0,0.0,0.0,100.0,0.0,100.0,100.0,0.0,0.0,0.0,0.0,0.0,0.0,0.0
310,203953.0,3.8,19.4,14.6,11.0,23.3,65.8,59.3,96.8,65.2,47.3,27.1,21.7,72.2,50.0,75.0,64.60000000000001,39.7,16.7,23.5,30.8,25.900000000000002,0.0,26.700000000000003
311,203089.0,1.2,11.0,3.0,11.0,20.1,76.8,81.3,100.0,82.9,29.4,38.2,30.4,68.0,42.0,56.599999999999994,68.5,34.1,38.1,12.5,45.5,35.6,0.0,31.6
312,1628371.0,11.5,23.4,19.0,14.6,23.7,50.5,58.8,93.3,65.8,41.099999999999994,30.8,38.1,57.099999999999994,0.0,100.0,61.3,34.4,42.5,58.8,20.0,26.6,0.0,44.4
313,203487.0,1.9,17.5,16.5,23.3,15.5,57.3,47.5,100.0,56.2,0.0,0.0,0.0,50.0,0.0,0.0,50.0,0.0,0.0,0.0,0.0,0.0,0.0,0.0
314,201144.0,8.3,39.5,10.6,18.0,14.8,34.2,23.9,57.9,36.9,47.599999999999994,34.1,39.0,62.7,50.0,68.8,63.6,47.9,48.0,33.300000000000004,20.0,29.7,0.0,27.700000000000003
315,1629066.0,0.0,49.0,16.3,9.2,12.4,41.8,87.5,96.0,91.2,0.0,0.0,100.0,100.0,0.0,0.0,100.0,0.0,100.0,0.0,0.0,0.0,0.0,0.0
316,203895.0,15.8,33.2,9.8,17.7,14.2,33.2,40.9,71.4,50.4,66.7,43.9,42.9,20.0,0.0,50.0,45.5,44.4,50.0,44.800000000000004,43.3,41.0,0.0,44.1
317,1629713.0,11.8,31.8,20.0,11.8,28.2,44.7,70.8,88.9,75.8,50.7,34.9,29.9,69.6,48.4,59.199999999999996,72.8,39.900000000000006,33.300000000000004,45.5,59.4,25.4,0.0,52.300000000000004
318,1627775.0,9.2,41.2,17.0,7.8,18.3,41.8,61.5,100.0,75.0,54.400000000000006,33.5,35.6,53.800000000000004,0.0,50.0,59.099999999999994,40.300000000000004,37.7,40.699999999999996,12.5,36.1,0.0,30.2
319,204020.0,19.1,40.4,6.7,13.5,11.8,27.0,61.0,91.7,72.3,66.7,30.3,55.60000000000001,69.19999999999999,20.0,28.599999999999998,65.7,60.0,50.0,0.0,0.0,31.8,0.0,0.0
320,1628372.0,9.0,26.9,9.0,14.1,14.7,50.0,15.2,57.1,25.0,51.5,42.9,42.8,66.7,100.0,83.3,65.3,45.300000000000004,45.2,60.0,50.0,37.8,0.0,53.300000000000004
321,1627756.0,12.7,62.4,5.8,2.9,22.0,22.0,43.3,77.8,62.1,31.6,44.3,43.3,64.8,47.3,53.800000000000004,69.19999999999999,44.4,44.9,47.599999999999994,12.5,39.4,0.0,37.9
322,1629126.0,4.9,25.9,7.4,7.4,4.9,61.7,77.8,85.7,79.4,25.0,37.5,0.0,0.0,0.0,100.0,66.7,0.0,40.0,40.0,20.0,33.300000000000004,0.0,30.0
323,1629109.0,0.0,75.7,1.9,7.5,6.5,16.8,55.6,100.0,88.9,49.0,38.4,31.2,70.0,0.0,100.0,64.8,33.300000000000004,21.099999999999998,35.699999999999996,50.0,35.8,0.0,42.699999999999996
324,1628960.0,3.6,44.8,29.0,13.6,16.7,38.0,58.7,97.0,74.7,45.1,41.3,40.699999999999996,44.4,0.0,69.19999999999999,63.5,40.300000000000004,42.6,63.3,43.7,31.8,0.0,52.7
325,201145.0,3.4,43.8,12.4,21.0,12.4,31.8,61.0,94.1,76.0,40.699999999999996,40.1,31.4,70.19999999999999,45.800000000000004,54.900000000000006,74.0,44.7,42.9,33.300000000000004,45.800000000000004,34.2,0.0,40.0
326,1628381.0,4.8,18.4,8.9,12.8,15.8,64.0,73.2,94.7,76.5,41.0,34.699999999999996,27.800000000000004,63.3,45.5,64.7,63.6,31.2,28.599999999999998,46.2,40.9,32.800000000000004,0.0,43.8
327,203943.0,1.6,7.3,4.1,19.5,14.6,71.5,55.6,100.0,58.3,54.900000000000006,38.0,33.0,68.30000000000001,55.7,61.4,68.7,36.199999999999996,34.300000000000004,54.50000000000001,41.199999999999996,34.300000000000004,0.0,46.400000000000006
328,1629060.0,19.2,9.4,13.9,13.7,16.1,57.7,68.8,100.0,71.1,38.4,40.2,31.0,56.49999999999999,0.0,33.300000000000004,56.49999999999999,26.900000000000002,35.4,27.800000000000004,45.5,44.3,0.0,34.5
329,1629635.0,2.0,35.2,11.7,13.8,18.4,49.0,74.0,91.3,79.5,33.900000000000006,38.4,31.4,73.8,66.7,100.0,58.4,23.5,27.6,32.6,39.1,38.0,0.0,35.9
330,1628418.0,13.4,12.1,7.2,15.0,8.6,59.5,77.9,86.7,78.8,46.5,41.699999999999996,36.199999999999996,60.0,0.0,25.0,54.900000000000006,40.0,40.1,31.3,42.3,35.099999999999994,0.0,35.099999999999994
331,1626246.0,6.2,5.6,1.2,16.7,4.3,71.6,49.2,100.0,51.5,25.0,36.4,20.0,100.0,0.0,0.0,50.0,33.300000000000004,33.300000000000004,66.7,100.0,14.299999999999999,0.0,75.0
332,1627747.0,4.7,28.8,16.4,16.4,14.3,50.1,32.5,61.0,39.9,0.0,0.0,0.0,100.0,0.0,0.0,66.7,0.0,0.0,0.0,0.0,0.0,0.0,0.0
333,1628990.0,0.9,16.5,21.6,21.1,20.2,61.5,61.8,100.0,67.5,40.0,28.9,27.3,52.6,0.0,62.5,56.00000000000001,21.7,0.0,35.699999999999996,28.599999999999998,29.299999999999997,0.0,31.0
334,1629598.0,2.9,71.2,7.9,4.3,20.9,21.6,29.4,54.5,46.0,56.2,28.199999999999996,33.5,66.7,48.4,70.0,72.6,41.4,35.099999999999994,27.3,0.0,32.4,0.0,21.4
335,201569.0,0.5,57.6,8.0,15.2,12.2,26.7,53.4,78.0,67.9,0.0,37.5,100.0,100.0,0.0,0.0,33.300000000000004,0.0,100.0,0.0,0.0,37.5,0.0,0.0
336,1628385.0,22.9,0.0,5.1,10.8,16.6,66.2,75.7,0.0,75.7,46.800000000000004,42.199999999999996,39.300000000000004,70.0,0.0,33.300000000000004,67.30000000000001,38.9,43.1,46.2,31.8,40.400000000000006,0.0,37.1
337,1628980.0,25.0,30.5,13.3,19.5,13.3,25.0,62.5,92.3,71.1,100.0,31.1,9.1,71.2,100.0,50.0,72.39999999999999,46.7,33.300000000000004,13.3,20.0,32.5,0.0,16.0
338,1628379.0,10.9,49.5,10.0,15.2,11.5,24.4,47.4,80.8,63.6,46.1,35.4,41.199999999999996,63.3,50.0,72.2,50.9,38.9,49.7,0.0,40.0,33.0,0.0,28.599999999999998
339,1629033.0,3.4,38.1,14.4,12.7,14.4,45.8,17.2,66.7,34.1,66.7,38.9,40.0,25.0,0.0,0.0,50.0,50.0,100.0,100.0,25.0,26.700000000000003,0.0,57.099999999999994
340,1627789.0,0.0,49.3,11.6,20.5,15.1,30.1,59.1,100.0,80.4,39.800000000000004,40.400000000000006,39.1,70.0,0.0,66.7,59.0,28.4,44.800000000000004,45.5,40.0,37.8,0.0,43.1
341,201961.0,6.9,77.1,13.9,7.6,20.8,8.3,63.6,94.6,87.5,51.2,32.5,30.0,65.9,0.0,25.0,63.0,46.7,27.6,27.3,20.0,30.2,0.0,24.3
342,1626143.0,0.9,1.4,5.6,17.3,8.9,80.4,56.3,100.0,56.8,0.0,0.0,0.0,0.0,0.0,0.0,0.0,0.0,0.0,0.0,0.0,0.0,0.0,0.0
343,1628395.0,0.0,7.2,4.8,20.5,4.8,72.3,73.3,50.0,71.9,42.9,35.3,56.49999999999999,61.5,48.699999999999996,48.3,61.199999999999996,49.1,18.5,42.9,42.9,38.1,0.0,42.9
344,204025.0,18.6,30.9,14.4,19.6,16.5,30.9,29.2,70.0,41.2,20.0,39.6,35.199999999999996,62.5,0.0,50.0,62.1,21.099999999999998,38.6,33.300000000000004,52.2,35.8,0.0,43.9
345,1629678.0,9.6,50.6,4.8,10.8,20.5,28.9,68.8,100.0,83.3,43.8,43.8,42.699999999999996,51.2,48.6,54.800000000000004,54.50000000000001,43.3,44.5,43.3,41.699999999999996,40.8,0.0,42.9
346,1629164.0,6.9,39.9,13.9,13.9,15.0,39.3,20.0,60.9,34.9,39.6,32.1,39.7,45.9,38.1,43.8,47.4,43.3,28.1,36.4,26.3,35.4,0.0,33.300000000000004
347,1628391.0,12.5,41.3,10.0,6.3,3.8,40.0,90.5,90.9,90.6,0.0,33.300000000000004,14.299999999999999,0.0,0.0,0.0,50.0,0.0,0.0,0.0,0.0,50.0,0.0,0.0
348,1629021.0,0.7,23.4,3.7,14.9,15.3,61.0,76.9,100.0,81.6,54.300000000000004,30.599999999999998,39.2,43.5,50.0,20.0,50.6,55.2,35.699999999999996,20.0,22.2,33.300000000000004,0.0,21.4
349,2199.0,0.0,0.0,5.9,17.6,8.8,82.4,85.7,0.0,85.7,48.5,27.6,40.400000000000006,65.2,30.0,76.9,62.1,38.1,41.6,26.700000000000003,40.0,27.1,12.5,30.0
350,202334.0,6.1,0.0,0.0,15.2,18.2,78.8,50.0,0.0,50.0,42.4,39.1,32.9,59.3,48.4,62.5,63.6,37.3,39.1,42.5,33.300000000000004,39.6,0.0,38.6
351,203504.0,20.4,32.7,4.1,8.8,13.6,38.1,39.5,93.8,54.2,35.3,36.5,26.5,81.8,0.0,100.0,60.5,26.700000000000003,43.8,50.0,33.300000000000004,26.700000000000003,0.0,39.1
352,201163.0,6.4,48.1,10.3,10.9,12.2,34.6,46.9,100.0,70.2,0.0,0.0,0.0,0.0,0.0,0.0,0.0,0.0,0.0,0.0,0.0,0.0,0.0,0.0
353,1629744.0,14.7,71.6,13.8,4.6,18.3,9.2,76.9,100.0,92.3,44.4,24.5,33.300000000000004,63.3,44.7,59.5,64.3,40.6,31.3,50.0,0.0,18.2,0.0,40.0
354,1626195.0,2.9,10.9,1.5,19.0,13.9,67.2,60.4,100.0,64.2,28.000000000000004,26.3,33.300000000000004,60.9,25.0,43.3,64.60000000000001,31.1,42.9,0.0,0.0,19.0,0.0,0.0
355,1629028.0,15.8,0.0,8.6,10.4,15.5,73.8,71.5,0.0,71.5,42.9,36.6,27.800000000000004,90.0,50.0,66.7,81.0,46.0,31.6,40.5,52.2,30.5,0.0,45.0
356,1628476.0,20.0,54.0,4.0,14.0,22.0,12.0,25.0,100.0,64.7,36.8,12.5,12.0,76.6,46.0,56.00000000000001,76.3,24.099999999999998,14.299999999999999,0.0,0.0,0.0,0.0,0.0
357,1627780.0,1.9,34.6,26.9,3.8,21.2,59.6,62.5,100.0,72.7,46.2,36.7,21.7,53.6,0.0,42.9,60.199999999999996,30.8,16.7,43.8,39.1,32.7,0.0,41.8
358,1628392.0,1.9,0.0,3.7,17.8,12.1,80.4,81.8,0.0,81.8,50.0,0.0,50.0,0.0,0.0,0.0,0.0,0.0,50.0,0.0,0.0,0.0,0.0,0.0
359,203998.0,6.5,19.4,6.5,3.2,11.3,71.0,70.8,100.0,75.0,44.4,48.699999999999996,53.1,60.0,0.0,50.0,36.4,50.0,57.599999999999994,57.099999999999994,45.5,45.2,0.0,52.0
360,1629103.0,9.2,41.5,14.6,9.2,14.6,40.0,75.0,83.3,78.0,43.5,24.3,39.6,70.0,100.0,33.300000000000004,50.0,50.0,37.5,33.300000000000004,25.0,21.3,0.0,31.3
361,203124.0,15.8,27.6,13.2,6.6,17.1,50.0,64.0,85.7,68.8,44.6,33.0,46.2,69.69999999999999,33.300000000000004,28.599999999999998,62.6,16.7,45.5,39.4,31.8,31.0,0.0,36.4
362,1626259.0,0.0,75.0,0.0,5.0,0.0,20.0,100.0,100.0,100.0,0.0,0.0,0.0,100.0,0.0,100.0,100.0,0.0,0.0,0.0,0.0,0.0,0.0,0.0
363,201587.0,2.5,53.2,10.1,11.4,8.9,32.9,21.4,92.9,57.1,40.6,38.0,31.8,66.4,50.0,71.89999999999999,67.10000000000001,31.0,43.8,41.3,35.099999999999994,37.6,0.0,37.4
364,1629003.0,1.4,41.3,13.0,16.7,13.8,40.6,58.6,100.0,75.0,40.0,50.0,37.5,100.0,0.0,50.0,62.5,0.0,28.599999999999998,66.7,0.0,40.0,0.0,66.7
365,0.0,0.0,22.4,11.9,9.0,11.9,68.7,60.9,100.0,67.9,70.6,41.9,28.000000000000004,72.0,35.699999999999996,66.7,79.4,43.8,18.2,33.300000000000004,50.0,41.699999999999996,0.0,40.0
366,201949.0,1.5,48.5,10.8,8.5,8.5,41.5,57.1,90.5,71.4,0.0,38.9,50.0,80.0,0.0,100.0,71.39999999999999,0.0,0.0,100.0,0.0,37.5,0.0,75.0
367,203493.0,20.4,48.1,20.9,6.3,17.0,25.2,68.1,97.0,80.0,46.5,30.599999999999998,26.900000000000002,37.1,0.0,71.39999999999999,56.49999999999999,37.7,31.3,31.3,14.299999999999999,30.8,0.0,26.1
368,203918.0,17.4,45.7,10.0,9.1,13.0,27.8,30.8,88.6,54.0,0.0,19.0,0.0,100.0,0.0,100.0,50.0,0.0,0.0,50.0,33.300000000000004,6.3,0.0,42.9
369,1629660.0,7.1,39.3,7.1,10.7,13.1,42.9,23.8,90.9,46.9,35.0,26.1,12.5,50.0,0.0,20.0,43.8,39.1,14.299999999999999,50.0,40.0,15.4,0.0,42.9
370,1629019.0,16.7,37.5,20.8,25.8,12.5,20.0,22.7,73.3,43.2,33.300000000000004,45.1,38.3,66.3,57.099999999999994,64.7,67.10000000000001,33.300000000000004,42.6,55.60000000000001,16.7,42.1,0.0,43.6
371,1628394.0,1.4,0.0,4.3,22.3,22.3,76.3,63.0,0.0,63.0,39.6,35.4,43.1,83.6,0.0,81.8,73.4,31.0,38.2,43.2,40.699999999999996,31.3,0.0,41.699999999999996
372,1628021.0,0.0,34.6,25.0,17.3,21.2,48.1,64.0,100.0,75.7,40.1,42.4,36.0,36.4,0.0,66.7,57.3,34.9,43.9,52.2,42.9,35.099999999999994,25.0,46.6
373,1628410.0,0.0,27.9,26.7,9.3,19.8,62.8,59.3,100.0,68.6,20.0,38.4,16.7,68.0,50.0,50.0,62.1,14.299999999999999,40.0,35.3,37.5,38.1,0.0,36.0
374,202681.0,13.9,30.7,11.1,17.2,13.1,38.3,20.3,35.7,24.6,63.2,37.9,35.699999999999996,54.400000000000006,33.300000000000004,50.0,58.9,50.0,35.5,36.4,21.9,40.400000000000006,0.0,27.800000000000004
375,1629652.0,0.0,39.1,9.6,15.7,15.7,45.2,57.7,100.0,73.2,41.099999999999994,33.1,28.4,60.6,50.9,50.0,59.8,29.9,35.0,40.0,34.4,31.4,0.0,36.9
376,202323.0,25.8,0.0,19.4,19.4,25.8,54.8,40.0,0.0,40.0,50.0,100.0,0.0,75.9,0.0,60.0,75.6,36.4,50.0,0.0,0.0,0.0,0.0,0.0
377,1629162.0,3.1,40.2,20.5,7.9,15.0,48.8,30.3,70.6,44.0,0.0,42.9,25.0,33.300000000000004,0.0,100.0,42.9,33.300000000000004,33.300000000000004,0.0,50.0,46.2,0.0,16.7
378,1629675.0,0.0,47.1,5.7,11.4,15.7,41.4,62.1,90.9,74.5,0.0,33.6,45.5,58.699999999999996,11.1,37.0,64.60000000000001,17.9,32.0,14.299999999999999,28.599999999999998,37.0,0.0,21.4
379,1629057.0,5.4,0.0,5.4,10.8,13.5,83.8,75.8,0.0,75.8,44.4,40.0,42.4,59.099999999999994,0.0,61.5,65.2,35.6,47.699999999999996,40.0,46.2,34.9,0.0,42.4
380,202329.0,5.1,34.6,10.3,24.4,15.4,35.9,43.8,88.9,60.0,49.6,11.1,32.800000000000004,67.4,50.9,56.10000000000001,67.80000000000001,40.0,13.8,0.0,0.0,0.0,0.0,0.0
381,201933.0,2.2,29.0,8.6,27.2,14.3,41.6,39.3,59.3,45.5,62.1,30.5,33.300000000000004,70.8,78.60000000000001,52.900000000000006,72.8,28.599999999999998,28.599999999999998,80.0,12.5,29.9,0.0,38.5
382,1628403.0,5.0,0.0,15.0,10.0,10.0,85.0,88.9,0.0,88.9,0.0,0.0,0.0,42.9,50.0,33.300000000000004,37.5,50.0,0.0,0.0,0.0,0.0,0.0,0.0
383,203960.0,10.5,7.9,13.2,5.3,18.4,76.3,84.8,100.0,85.7,62.5,30.0,60.0,50.0,0.0,0.0,62.5,60.0,66.7,60.0,50.0,20.0,0.0,56.3
384,1629641.0,3.7,22.2,5.6,22.2,14.8,51.9,46.7,100.0,57.9,61.0,37.0,40.9,64.2,47.8,49.2,64.9,51.9,39.6,27.800000000000004,40.0,34.599999999999994,0.0,34.2
385,1629738.0,17.1,8.6,11.4,17.1,25.7,57.1,84.6,100.0,85.7,34.5,20.8,50.0,75.8,50.0,71.39999999999999,63.800000000000004,35.3,16.7,25.0,7.7,29.4,0.0,16.0
386,1629117.0,6.1,18.2,0.0,21.2,18.2,54.5,60.0,100.0,66.7,66.7,16.7,44.4,0.0,0.0,0.0,100.0,75.0,0.0,0.0,50.0,11.1,0.0,50.0
387,202688.0,4.9,73.2,0.0,4.9,7.3,17.1,11.1,60.0,44.8,36.8,33.7,16.7,47.0,33.300000000000004,52.800000000000004,59.199999999999996,22.2,0.0,55.60000000000001,33.300000000000004,30.5,0.0,46.7
388,200826.0,10.5,45.1,6.5,9.2,16.3,35.3,8.6,39.1,20.7,49.6,42.199999999999996,41.099999999999994,57.49999999999999,58.8,76.9,59.3,50.5,35.9,52.0,56.49999999999999,39.7,0.0,54.2
389,1629052.0,0.0,27.3,24.2,18.2,27.3,54.5,55.6,100.0,66.7,54.50000000000001,30.599999999999998,21.099999999999998,75.9,0.0,45.9,84.5,42.6,32.300000000000004,100.0,0.0,0.0,0.0,50.0
390,1629151.0,0.0,84.5,16.9,9.9,18.3,5.6,50.0,95.0,90.9,50.0,25.0,0.0,72.7,100.0,45.5,72.39999999999999,40.0,50.0,0.0,0.0,33.300000000000004,0.0,0.0
391,1627790.0,5.8,0.0,2.9,18.8,11.6,75.4,71.4,0.0,71.4,38.800000000000004,40.400000000000006,26.200000000000003,50.0,0.0,100.0,46.2,30.599999999999998,26.3,41.699999999999996,35.699999999999996,34.599999999999994,0.0,38.5
392,1629726.0,6.5,58.1,10.8,31.2,20.4,4.3,60.0,94.4,87.0,83.3,35.099999999999994,20.0,50.0,0.0,0.0,61.1,100.0,8.3,37.5,27.3,26.700000000000003,0.0,31.6
393,203658.0,0.0,0.0,10.0,15.0,10.0,85.0,64.7,0.0,64.7,55.2,35.3,45.7,60.0,42.1,61.1,70.39999999999999,45.9,46.2,23.1,36.0,35.3,0.0,29.4
394,1626245.0,0.0,0.0,0.0,22.6,9.7,77.4,50.0,0.0,50.0,33.300000000000004,28.599999999999998,0.0,0.0,0.0,0.0,50.0,0.0,50.0,0.0,50.0,20.0,0.0,50.0
395,201960.0,6.1,27.3,15.2,36.4,27.3,30.3,83.3,100.0,88.9,56.3,41.0,38.2,71.7,53.5,58.099999999999994,69.3,60.099999999999994,45.6,66.7,40.0,30.7,0.0,54.50000000000001
396,1626172.0,4.7,7.0,0.0,14.0,16.3,74.4,52.9,100.0,55.6,53.7,39.4,38.800000000000004,59.199999999999996,48.3,51.7,64.4,48.0,41.699999999999996,60.0,66.7,32.7,0.0,63.6
397,0.0,22.0,25.6,11.0,8.5,8.5,43.9,51.9,57.1,52.9,81.3,20.0,0.0,65.60000000000001,50.0,55.60000000000001,70.89999999999999,45.0,50.0,0.0,100.0,16.7,0.0,33.300000000000004
398,1629185.0,0.0,70.6,29.4,0.0,23.5,29.4,40.0,87.5,69.2,54.2,43.6,32.300000000000004,80.0,0.0,54.50000000000001,65.2,41.9,39.5,44.800000000000004,39.4,39.300000000000004,0.0,42.9
399,201584.0,10.5,68.4,8.8,0.0,14.0,21.1,55.6,84.6,72.7,0.0,0.0,0.0,56.8,100.0,33.300000000000004,56.10000000000001,33.300000000000004,0.0,0.0,0.0,0.0,0.0,0.0
400,1627774.0,10.9,38.8,17.7,4.1,14.3,46.3,81.0,94.7,85.2,48.5,37.9,38.5,71.3,36.8,72.0,63.3,29.7,33.300000000000004,38.7,41.699999999999996,37.7,0.0,40.2
401,0.0,3.2,4.8,12.9,14.5,14.5,77.4,68.0,100.0,69.2,54.800000000000004,40.1,37.5,46.400000000000006,40.400000000000006,33.300000000000004,54.2,36.4,35.699999999999996,57.099999999999994,50.0,35.6,0.0,55.00000000000001
402,202704.0,6.7,44.5,3.8,12.4,8.1,36.4,11.1,54.8,28.9,0.0,20.0,0.0,75.0,0.0,100.0,62.5,0.0,0.0,25.0,20.0,16.7,0.0,22.2
403,1627820.0,0.0,7.5,20.0,27.5,22.5,65.0,61.5,0.0,57.1,52.5,39.6,44.4,36.4,0.0,0.0,42.3,63.3,36.4,42.9,42.9,38.3,0.0,42.9
404,202697.0,14.8,44.4,20.4,7.4,29.6,33.3,76.9,87.5,81.0,28.799999999999997,27.3,40.300000000000004,75.0,0.0,66.7,63.9,25.7,43.2,0.0,20.0,41.0,0.0,14.299999999999999
405,1629658.0,0.0,0.0,28.9,21.1,36.8,78.9,46.7,0.0,46.7,43.8,37.3,34.8,67.9,0.0,61.5,60.3,50.0,47.599999999999994,41.3,35.4,25.8,0.0,38.1
406,1628963.0,9.7,6.5,11.9,13.5,16.2,70.3,63.5,100.0,65.4,40.400000000000006,37.9,33.300000000000004,64.2,50.6,61.0,60.5,35.3,29.4,55.300000000000004,42.3,32.5,0.0,50.0
407,1629346.0,3.6,16.1,8.9,26.8,7.1,53.6,56.3,100.0,63.2,44.2,38.6,32.5,65.10000000000001,44.2,68.89999999999999,64.2,37.8,31.4,33.300000000000004,41.5,35.5,0.0,37.2
408,1629662.0,0.0,64.3,19.0,11.9,14.3,23.8,80.0,77.8,78.6,50.0,32.7,25.0,67.2,50.0,62.5,69.1,33.300000000000004,10.0,20.0,33.300000000000004,33.6,0.0,30.0
409,203077.0,0.0,31.3,0.0,14.6,27.1,54.2,61.5,100.0,72.2,47.5,40.2,30.0,54.50000000000001,0.0,100.0,58.3,43.4,27.3,45.2,37.8,37.2,0.0,41.199999999999996
410,1629730.0,10.5,0.0,0.0,15.8,21.1,73.7,62.5,0.0,62.5,37.0,40.300000000000004,20.8,58.3,0.0,60.0,55.2,31.3,38.9,26.700000000000003,38.1,32.4,0.0,33.300000000000004
411,1629140.0,11.4,0.0,0.0,8.6,11.4,80.0,56.3,0.0,56.3,37.5,37.8,44.4,48.3,71.39999999999999,33.300000000000004,58.099999999999994,43.8,21.4,51.9,36.199999999999996,37.1,0.0,41.9
412,1626159.0,9.7,14.5,11.3,14.5,19.4,61.3,50.0,83.3,54.0,56.10000000000001,40.300000000000004,36.9,53.300000000000004,0.0,33.300000000000004,67.10000000000001,39.1,44.4,49.1,40.6,36.3,0.0,46.0
413,101139.0,3.1,51.6,14.1,23.4,18.8,21.9,75.0,90.9,84.2,49.7,40.9,39.5,55.60000000000001,34.5,64.3,60.6,41.099999999999994,37.2,55.900000000000006,53.800000000000004,38.2,0.0,54.800000000000004
414,1629731.0,0.0,37.5,12.5,0.0,25.0,62.5,80.0,100.0,85.7,43.6,44.800000000000004,33.300000000000004,60.3,45.9,54.2,62.4,34.8,36.4,41.699999999999996,45.800000000000004,43.2,0.0,44.4
415,1628443.0,16.0,30.0,6.0,14.0,12.0,40.0,28.6,80.0,42.1,33.300000000000004,42.9,14.299999999999999,100.0,0.0,50.0,75.0,0.0,0.0,0.0,0.0,36.4,0.0,0.0
416,1629663.0,10.0,60.0,0.0,0.0,0.0,30.0,0.0,100.0,50.0,40.699999999999996,43.8,39.7,71.39999999999999,0.0,100.0,56.49999999999999,33.300000000000004,46.0,64.3,25.0,31.7,0.0,50.0
417,1629627.0,0.9,5.4,11.8,23.1,14.5,70.6,69.6,100.0,71.1,60.0,0.0,20.0,0.0,0.0,50.0,42.9,33.300000000000004,0.0,0.0,0.0,33.300000000000004,0.0,0.0
418,1629649.0,0.0,17.6,17.6,23.5,35.3,58.8,20.0,100.0,33.3,37.1,33.5,27.0,52.900000000000006,54.2,76.5,53.400000000000006,27.6,27.1,36.6,36.0,30.0,0.0,36.4
419,1629669.0,15.0,22.5,12.5,22.5,25.0,40.0,45.5,66.7,50.0,47.0,35.099999999999994,33.7,50.0,0.0,33.300000000000004,56.10000000000001,31.1,37.1,25.0,42.9,32.300000000000004,0.0,34.599999999999994
420,1629648.0,33.3,0.0,0.0,0.0,66.7,66.7,66.7,0.0,66.7,48.4,46.400000000000006,31.3,33.300000000000004,0.0,66.7,60.0,30.599999999999998,44.4,44.4,50.0,38.4,0.0,46.2
421,1629620.0,15.4,69.2,0.0,0.0,38.5,15.4,50.0,100.0,80.0,61.1,16.7,36.4,50.0,0.0,0.0,70.0,63.6,60.0,0.0,0.0,18.8,0.0,0.0
422,203490.0,4.0,47.5,15.8,14.9,18.8,33.7,21.1,87.5,51.4,33.300000000000004,35.5,35.9,55.60000000000001,100.0,62.5,64.1,27.800000000000004,41.099999999999994,25.0,29.4,35.9,0.0,27.3
423,1629682.0,7.1,21.4,7.1,21.4,14.3,50.0,12.5,0.0,10.0,41.4,40.0,35.8,71.39999999999999,0.0,0.0,53.400000000000006,36.6,32.4,53.800000000000004,40.0,37.9,0.0,46.400000000000006
424,1629139.0,12.5,37.5,43.8,12.5,37.5,37.5,50.0,100.0,66.7,23.5,56.39999999999999,46.7,70.19999999999999,58.8,60.0,73.2,51.9,48.0,0.0,0.0,0.0,0.0,0.0
425,1629168.0,15.4,23.1,30.8,15.4,46.2,46.2,25.0,100.0,40.0,43.0,41.099999999999994,36.6,28.599999999999998,100.0,50.0,52.7,31.7,42.1,46.300000000000004,22.2,34.599999999999994,0.0,39.0
426,1628997.0,0.0,27.3,9.1,18.2,9.1,54.5,50.0,100.0,62.5,52.0,33.6,37.9,72.1,0.0,64.0,63.800000000000004,48.8,43.5,28.999999999999996,42.1,33.4,0.0,36.199999999999996
427,1629234.0,8.7,0.0,0.0,13.0,17.4,78.3,80.0,0.0,80.0,0.0,50.0,50.0,76.1,100.0,70.0,78.10000000000001,28.599999999999998,62.5,0.0,0.0,0.0,0.0,0.0
428,1627733.0,0.0,46.2,11.5,7.7,19.2,46.2,100.0,100.0,100.0,60.0,32.4,33.300000000000004,58.199999999999996,54.800000000000004,56.10000000000001,64.0,50.5,70.0,33.300000000000004,37.5,30.599999999999998,0.0,35.699999999999996
429,1628367.0,0.0,21.4,26.2,21.4,38.1,57.1,66.7,100.0,73.3,44.4,36.9,22.2,68.8,0.0,50.0,66.2,6.3,0.0,54.50000000000001,20.0,35.099999999999994,0.0,43.8
430,0.0,0.0,50.0,0.0,33.3,25.0,16.7,100.0,100.0,100.0,55.00000000000001,50.0,48.6,71.39999999999999,46.7,0.0,80.0,38.1,51.300000000000004,53.800000000000004,56.3,45.2,0.0,55.2
431,203506.0,12.8,38.5,21.8,15.4,15.4,33.3,55.6,50.0,53.6,52.300000000000004,29.099999999999998,26.700000000000003,54.50000000000001,0.0,50.0,63.4,45.7,20.0,21.099999999999998,20.7,34.1,0.0,20.8
432,1629599.0,10.5,15.8,10.5,0.0,31.6,73.7,62.5,100.0,66.7,40.0,18.5,25.0,58.3,0.0,0.0,50.0,26.700000000000003,50.0,22.2,20.0,16.7,0.0,21.4
433,1629723.0,0.0,0.0,28.6,14.3,28.6,85.7,100.0,0.0,100.0,49.0,14.299999999999999,39.300000000000004,52.400000000000006,50.0,57.49999999999999,53.800000000000004,33.300000000000004,36.0,0.0,0.0,37.5,0.0,0.0
434,202718.0,0.0,85.7,0.0,0.0,21.4,14.3,0.0,100.0,80.0,50.9,39.5,27.0,73.3,0.0,76.9,60.4,40.0,30.0,35.699999999999996,48.8,36.1,0.0,42.4
435,1629667.0,7.4,44.4,11.1,11.1,11.1,37.0,66.7,100.0,80.0,51.1,35.099999999999994,47.3,71.1,40.699999999999996,64.7,67.9,40.2,47.099999999999994,28.599999999999998,32.4,35.0,0.0,30.599999999999998
436,1628413.0,0.0,0.0,40.0,20.0,60.0,80.0,50.0,0.0,50.0,70.0,20.0,0.0,71.39999999999999,57.099999999999994,55.900000000000006,73.7,30.2,0.0,0.0,0.0,0.0,0.0,0.0
437,1629644.0,0.0,0.0,71.4,14.3,71.4,85.7,33.3,0.0,33.3,41.3,31.3,41.6,57.99999999999999,29.299999999999997,43.4,63.800000000000004,31.6,40.1,33.300000000000004,33.300000000000004,28.799999999999997,0.0,33.300000000000004
438,1629668.0,0.0,90.0,30.0,10.0,0.0,0.0,0.0,100.0,100.0,55.7,28.1,37.6,49.3,35.699999999999996,52.900000000000006,60.8,37.2,40.699999999999996,20.0,26.700000000000003,26.8,0.0,22.2
439,1629216.0,0.0,100.0,0.0,0.0,0.0,0.0,0.0,100.0,100.0,0.0,50.0,0.0,0.0,0.0,0.0,0.0,0.0,100.0,0.0,0.0,20.0,0.0,0.0
440,1629665.0,20.0,0.0,20.0,20.0,20.0,60.0,25.0,0.0,25.0,34.8,39.1,36.4,56.3,0.0,85.7,56.8,28.1,46.2,42.9,47.599999999999994,36.5,0.0,45.2
441,1628778.0,0.0,0.0,100.0,100.0,100.0,0.0,0.0,0.0,0.0,40.0,39.6,40.0,0.0,0.0,0.0,25.0,33.300000000000004,0.0,33.300000000000004,42.9,40.0,0.0,37.5
442,201939.0,9.9,33.3,18.5,22.2,11.1,34.6,33.3,55.6,40.7,34.8,27.700000000000003,26.3,59.0,60.0,66.7,55.2,25.8,27.3,22.7,40.0,27.900000000000002,0.0,29.7
443,2738.0,0.0,69.2,0.0,0.0,0.0,30.8,100.0,66.7,80.0,34.8,38.800000000000004,35.699999999999996,44.0,0.0,20.0,50.0,42.1,42.9,54.2,37.5,32.4,0.0,44.6
444,203079.0,7.1,85.7,0.0,0.0,0.0,7.1,50.0,75.0,70.0,39.0,39.7,38.9,65.3,50.0,53.300000000000004,73.4,46.6,42.9,33.300000000000004,18.2,40.1,0.0,25.0
445,202951.0,8.0,36.0,0.0,0.0,8.0,56.0,0.0,66.7,18.2,50.4,48.4,43.5,77.8,0.0,75.0,66.10000000000001,45.9,54.6,42.3,48.6,45.5,0.0,46.0
446,1629308.0,0.0,50.0,16.7,0.0,16.7,50.0,66.7,100.0,80.0,45.800000000000004,33.300000000000004,34.8,90.9,0.0,100.0,67.30000000000001,24.5,45.6,15.8,12.5,33.800000000000004,0.0,14.799999999999999
447,1626147.0,0.0,0.0,0.0,33.3,66.7,66.7,100.0,0.0,100.0,48.9,38.5,43.7,73.1,100.0,78.60000000000001,57.49999999999999,44.1,47.8,36.4,50.0,33.6,0.0,41.199999999999996
448,1628513.0,0.0,42.9,28.6,0.0,21.4,57.1,25.0,100.0,50.0,50.0,43.5,39.1,66.7,0.0,33.300000000000004,66.7,39.5,34.599999999999994,42.1,45.5,42.9,0.0,43.3
449,1629745.0,0.0,0.0,0.0,50.0,50.0,50.0,0.0,0.0,0.0,100.0,100.0,0.0,0.0,0.0,0.0,66.7,0.0,0.0,0.0,0.0,50.0,0.0,0.0
450,1628380.0,7.4,33.3,0.0,22.2,14.8,37.0,83.3,100.0,88.9,39.7,38.2,36.8,66.7,0.0,88.9,53.800000000000004,37.0,50.0,36.4,33.300000000000004,40.9,0.0,35.3
451,1629597.0,0.0,0.0,50.0,0.0,0.0,100.0,100.0,0.0,100.0,50.0,50.0,0.0,0.0,0.0,0.0,60.0,50.0,0.0,100.0,0.0,50.0,0.0,100.0
452,1629725.0,0.0,0.0,0.0,0.0,100.0,100.0,100.0,0.0,100.0,100.0,54.800000000000004,33.300000000000004,54.900000000000006,27.3,57.599999999999994,62.5,51.2,58.599999999999994,0.0,0.0,27.3,0.0,0.0
453,1627982.0,0.0,0.0,0.0,0.0,0.0,100.0,0.0,0.0,0.0,36.0,36.6,48.6,57.099999999999994,25.0,50.0,45.800000000000004,41.699999999999996,43.5,40.699999999999996,45.5,34.4,0.0,42.9
454,1629621.0,0.0,100.0,100.0,0.0,0.0,0.0,0.0,100.0,100.0,47.3,36.5,29.2,55.00000000000001,25.0,61.5,60.099999999999994,31.6,29.9,35.3,27.900000000000002,31.4,0.0,30.0
455,201583.0,40.0,60.0,0.0,0.0,0.0,0.0,0.0,100.0,50.0,57.099999999999994,25.0,25.0,40.0,0.0,0.0,57.099999999999994,25.0,16.7,0.0,0.0,46.7,0.0,0.0
456,2617.0,0.0,0.0,0.0,60.0,0.0,40.0,100.0,0.0,100.0,0.0,0.0,0.0,0.0,0.0,0.0,0.0,0.0,0.0,0.0,0.0,0.0,0.0,0.0
457,1629739.0,0.0,0.0,0.0,0.0,0.0,0.0,0.0,0.0,0.0,53.800000000000004,29.2,35.099999999999994,60.0,0.0,60.0,66.7,60.0,60.0,33.300000000000004,33.300000000000004,23.3,0.0,33.300000000000004
